DATE,AP1,AP2,AP3,AP4,AP5,AP6,AP7,AP8,AP_AVG,F10.7_OBS,F10.7_OBS_CENTER81
2028-09-21,9.1,8.8,8.8,8.6,11.4,10.2,5.9,9.6,8.0,126.6,128.4
2028-09-22,45.9,44.8,46.4,44.5,44.6,44.4,40.1,44.0,44.2,127.6,128.5
2028-09-23,25.2,24.1,29.4,27.5,26.4,25.4,27.1,28.5,26.5,124.4,128.6
2028-09-24,14.2,15.9,17.6,12.0,15.8,15.0,15.6,14.9,15.9,127.0,128.6
2028-09-25,5.8,9.3,4.8,6.1,9.5,4.4,9.1,5.5,5.5,129.9,128.7
2028-09-26,7.1,5.0,4.1,3.4,2.2,3.6,5.3,3.5,3.5,123.6,128.7
2028-09-27,2.6,2.7,5.2,5.6,1.9,1.9,4.0,6.3,3.2,120.3,128.8
2028-09-28,6.7,1.9,3.9,2.5,3.9,7.6,1.6,1.2,4.4,121.7,128.9
2028-09-29,5.3,7.6,8.2,7.9,9.4,3.5,9.4,6.4,7.0,121.6,129.0
2028-09-30,5.1,1.0,3.7,4.1,6.0,0.5,3.7,1.5,3.6,122.4,129.1
2028-10-01,12.0,12.6,13.6,10.0,12.9,13.8,7.8,12.3,11.0,120.6,129.2
2028-10-02,46.2,43.8,41.9,46.2,41.9,43.9,44.2,45.7,44.3,124.3,129.3
2028-10-03,6.7,6.6,8.1,10.0,12.5,4.9,8.6,5.8,7.9,127.1,129.5
2028-10-04,6.9,2.9,3.5,3.6,4.7,5.5,5.8,4.8,4.8,127.4,129.5
2028-10-05,6.9,11.0,9.4,11.8,8.1,6.3,9.5,12.1,9.5,130.9,129.5
2028-10-06,11.9,11.2,9.8,15.1,9.5,10.1,12.7,7.9,11.6,131.8,129.5
2028-10-07,8.3,7.0,7.5,6.8,5.4,3.6,5.4,3.8,5.7,128.6,129.4
2028-10-08,7.2,7.9,9.2,7.0,8.1,5.6,5.3,7.2,6.2,129.6,129.4
2028-10-09,2.6,4.0,1.3,1.7,4.7,5.2,1.4,4.8,3.4,126.5,129.4
2028-10-10,8.3,9.4,12.2,11.0,11.0,13.2,8.0,7.4,9.4,129.4,129.4
2028-10-11,80.1,81.0,76.8,81.1,80.4,83.1,82.2,80.3,81.5,129.0,129.4
2028-10-12,11.2,11.4,8.5,9.0,5.5,7.8,8.5,10.1,10.0,128.3,129.4
2028-10-13,7.5,8.4,7.0,9.7,10.3,10.2,9.4,6.3,9.4,126.3,129.3
2028-10-14,6.0,6.5,6.5,7.4,10.1,8.9,5.3,8.6,7.3,130.2,129.3
2028-10-15,6.5,3.6,6.9,4.9,2.4,6.1,5.6,4.8,5.2,129.5,129.3
2028-10-16,4.9,3.6,6.2,4.9,5.3,5.7,2.7,3.2,5.0,128.0,129.3
2028-10-17,2.3,7.9,4.3,7.0,7.5,7.9,4.3,6.6,6.7,127.0,129.4
2028-10-18,13.8,13.8,12.4,11.1,8.4,11.9,10.1,11.5,10.4,128.8,129.4
2028-10-19,3.5,4.5,5.1,5.3,5.8,3.7,2.1,8.1,4.8,129.9,129.5
2028-10-20,8.1,4.1,0.5,1.6,4.2,5.8,0.7,2.9,3.2,130.9,129.5
2028-10-21,12.0,13.3,10.9,8.4,12.8,13.8,11.4,12.4,11.6,131.9,129.6
2028-10-22,90.1,89.3,93.1,91.8,92.0,94.0,88.9,89.9,91.0,137.8,129.5
2028-10-23,54.9,53.5,56.2,54.3,52.6,54.8,55.0,56.5,54.6,135.2,129.5
2028-10-24,11.9,12.1,11.8,10.8,9.7,11.7,10.5,14.5,11.2,132.7,129.4
2028-10-25,10.6,9.2,8.7,7.8,5.4,7.5,8.2,8.4,8.0,129.7,129.3
2028-10-26,11.6,12.5,9.3,9.3,13.5,12.2,9.9,10.4,10.6,131.4,129.3
2028-10-27,8.3,8.6,9.5,13.6,8.9,9.9,5.2,7.6,8.5,134.4,129.3
2028-10-28,10.6,9.0,0.0,9.5,12.0,4.2,11.2,2.6,8.1,133.3,129.3
2028-10-29,11.5,9.6,5.0,10.6,12.0,10.4,10.8,8.8,9.7,130.1,129.3
2028-10-30,5.8,11.0,13.1,11.8,5.6,6.5,7.9,6.4,9.6,127.5,129.4
2028-10-31,7.3,8.0,4.4,8.8,8.5,6.2,6.9,3.4,7.3,129.7,129.4
2028-11-01,5.1,5.8,6.1,6.6,6.3,5.3,6.4,7.8,5.8,131.9,129.4
2028-11-02,9.4,10.2,9.2,8.3,10.6,8.5,10.4,9.7,9.6,133.1,129.5
2028-11-03,4.0,3.9,3.6,1.3,5.3,5.0,6.3,3.5,4.6,130.5,129.5
2028-11-04,11.0,6.4,5.4,5.2,3.7,10.2,9.9,8.4,7.2,131.1,129.6
2028-11-05,7.8,13.2,8.9,9.1,12.5,10.9,14.0,10.1,9.6,131.2,129.5
2028-11-06,9.9,9.5,7.0,10.2,13.0,11.9,10.8,8.7,10.7,131.6,129.5
2028-11-07,11.1,12.7,11.5,11.0,9.1,12.4,4.4,11.4,10.7,133.9,129.6
2028-11-08,13.7,5.6,8.1,8.6,7.6,10.6,9.5,8.9,8.6,133.9,129.7
2028-11-09,6.9,5.4,11.7,5.6,5.7,1.9,4.2,7.6,5.3,135.3,129.8
2028-11-10,9.2,7.6,12.0,14.6,12.0,11.2,8.2,12.8,11.9,134.7,129.9
2028-11-11,5.1,0.2,6.1,5.3,6.1,5.0,5.1,4.8,3.8,134.8,130.1
2028-11-12,7.8,2.4,3.1,4.6,5.8,6.8,6.7,8.3,6.1,136.0,130.2
2028-11-13,9.6,5.5,7.8,5.6,6.9,7.9,0.5,12.1,7.3,130.7,130.2
2028-11-14,6.7,4.4,9.4,4.9,5.8,4.6,8.9,5.4,5.6,129.6,130.3
2028-11-15,10.9,13.0,11.8,10.5,12.8,15.7,11.2,10.8,10.6,128.3,130.2
2028-11-16,10.9,13.2,9.4,10.0,7.5,8.2,9.5,10.5,10.6,126.6,130.1
2028-11-17,15.1,12.6,9.8,10.1,14.3,13.8,11.6,10.7,11.6,126.3,130.0
2028-11-18,6.3,2.1,4.8,8.6,4.5,2.5,4.9,3.1,4.0,131.4,129.9
2028-11-19,4.6,8.8,9.6,6.8,6.6,5.5,7.1,6.3,7.4,128.6,129.8
2028-11-20,2.4,8.2,5.3,5.5,6.1,5.9,3.5,4.9,4.4,131.7,129.7
2028-11-21,2.9,4.3,4.1,2.7,0.8,3.7,3.0,0.0,3.4,126.5,129.6
2028-11-22,5.3,6.2,9.3,3.5,3.2,2.0,4.7,4.7,4.3,126.1,129.6
2028-11-23,5.1,6.4,2.8,8.6,5.2,6.7,3.9,5.6,6.7,127.2,129.6
2028-11-24,5.0,5.5,6.5,8.4,7.0,7.4,8.4,6.7,5.5,129.5,129.6
2028-11-25,59.8,61.9,62.0,61.2,57.0,58.2,59.3,61.5,59.9,131.7,129.6
2028-11-26,35.9,38.2,38.6,38.3,38.3,33.9,36.9,34.7,35.9,134.0,129.6
2028-11-27,18.3,21.0,24.2,22.5,25.6,21.9,26.5,21.9,21.6,132.4,129.6
2028-11-28,4.0,1.4,6.2,3.0,2.7,6.5,6.3,6.2,4.0,130.8,129.6
2028-11-29,49.1,49.8,49.7,51.4,53.0,50.6,53.8,51.7,49.9,133.3,129.5
2028-11-30,29.4,31.6,33.3,33.9,32.3,30.0,29.5,31.1,29.9,132.4,129.5
2028-12-01,9.9,7.4,7.5,6.6,5.9,6.2,6.8,10.0,6.5,128.3,129.4
2028-12-02,5.9,6.5,4.7,7.8,9.1,9.6,6.8,7.5,6.4,125.3,129.3
2028-12-03,8.0,9.4,9.0,8.5,8.6,9.2,7.8,7.9,8.3,123.4,129.2
2028-12-04,61.0,63.0,55.2,55.1,55.7,57.4,59.4,58.8,57.6,126.0,129.1
2028-12-05,34.9,35.6,33.2,34.1,34.5,31.4,32.2,32.3,34.6,127.2,129.0
2028-12-06,5.4,4.4,5.1,0.2,0.9,5.2,0.0,6.4,3.9,129.9,129.0
2028-12-07,7.8,13.2,9.7,13.6,17.9,6.9,12.9,7.9,11.5,128.8,128.9
2028-12-08,79.0,77.7,78.4,76.3,79.7,75.2,80.6,77.3,78.1,129.6,128.8
2028-12-09,44.1,50.1,46.7,50.7,49.3,45.3,46.7,47.1,46.9,131.8,128.9
2028-12-10,8.6,6.4,5.9,5.2,5.5,8.2,5.6,4.8,5.6,130.8,128.9
2028-12-11,7.6,7.6,5.9,7.2,11.7,8.3,10.1,3.7,8.7,132.2,128.9
2028-12-12,13.0,11.5,10.9,12.2,10.8,7.6,13.7,12.3,11.8,130.1,128.9
2028-12-13,73.1,71.8,70.8,74.2,77.0,74.2,71.0,74.2,73.8,129.2,128.9
2028-12-14,44.1,46.0,45.5,38.3,45.3,42.2,41.4,43.9,44.3,128.4,129.0
2028-12-15,6.8,2.7,7.4,7.6,6.1,4.3,4.1,8.1,6.0,125.3,129.1
2028-12-16,0.1,5.3,2.8,3.0,0.0,2.9,4.4,0.5,3.1,127.7,129.2
2028-12-17,11.6,10.8,9.3,12.3,6.2,11.3,13.8,13.5,10.6,126.9,129.3
2028-12-18,8.1,6.7,6.0,6.7,8.4,5.7,8.8,11.6,7.3,127.7,129.3
2028-12-19,7.2,4.6,4.6,8.8,7.2,9.0,6.2,8.9,7.3,129.7,129.4
2028-12-20,3.1,2.0,2.7,1.1,7.4,3.3,4.8,2.4,3.5,131.4,129.3
2028-12-21,3.3,4.9,7.6,4.4,3.7,5.7,6.4,8.7,5.4,133.5,129.3
2028-12-22,4.5,5.1,5.3,1.5,1.9,1.6,1.2,5.4,3.8,132.9,129.2
2028-12-23,12.0,11.5,6.2,15.5,9.6,15.5,8.5,9.7,11.4,131.5,129.1
2028-12-24,7.3,12.5,9.5,9.6,9.0,13.3,13.2,15.4,11.7,131.4,129.1
2028-12-25,6.2,8.0,5.0,6.9,6.5,8.5,9.6,9.5,7.5,126.4,129.1
2028-12-26,5.3,9.0,6.9,6.4,5.6,5.9,10.5,7.6,7.0,122.9,129.0
2028-12-27,11.0,10.2,15.6,13.3,9.3,10.2,10.3,11.0,10.7,120.4,129.0
2028-12-28,6.4,8.7,10.7,5.1,5.5,6.8,6.9,11.8,7.8,119.2,129.1
2028-12-29,6.7,6.6,4.1,4.1,1.8,6.2,5.7,7.3,4.7,122.3,129.2
2028-12-30,2.9,3.0,3.6,5.1,0.3,4.8,3.2,1.2,3.3,121.1,129.4
2028-12-31,0.6,4.5,7.7,8.2,5.5,8.7,4.7,6.7,4.8,121.7,129.5
2029-01-01,3.7,3.6,3.3,0.5,7.2,3.3,3.0,2.3,4.6,127.2,129.7
2029-01-02,5.0,8.9,9.6,2.0,4.7,3.3,7.3,5.9,5.4,126.9,129.8
2029-01-03,4.9,6.3,5.2,9.4,7.2,7.5,0.8,6.0,6.1,130.0,129.9
2029-01-04,11.4,9.9,3.5,6.6,4.8,10.6,7.7,5.7,7.2,127.6,129.9
2029-01-05,10.7,5.5,8.5,10.7,12.4,6.8,9.9,12.7,10.7,127.7,129.9
2029-01-06,2.0,5.4,5.1,8.4,4.5,4.6,6.6,2.3,4.9,125.6,129.9
2029-01-07,5.6,5.2,5.8,7.8,7.2,4.6,6.4,9.1,6.1,125.7,129.8
2029-01-08,67.9,69.9,69.2,69.4,66.3,72.4,68.0,71.6,69.6,129.3,129.9
2029-01-09,40.5,40.5,44.2,43.7,42.2,43.3,41.2,41.7,41.7,124.6,129.9
2029-01-10,3.8,7.0,3.8,8.1,4.5,5.2,6.7,5.2,5.1,127.2,129.9
2029-01-11,3.6,4.1,6.0,2.9,3.9,4.2,5.9,4.0,4.2,128.8,129.9
2029-01-12,15.0,11.1,11.0,11.1,8.8,9.4,10.4,13.7,11.4,127.6,130.0
2029-01-13,9.3,8.4,11.8,12.5,11.9,7.7,8.4,13.0,9.4,124.1,130.0
2029-01-14,12.4,11.4,13.4,13.9,10.8,12.4,13.8,9.6,11.9,125.7,130.0
2029-01-15,4.5,2.2,2.5,3.3,5.4,3.8,3.2,4.6,4.5,125.2,130.1
2029-01-16,5.5,8.7,10.1,7.6,7.4,8.5,3.7,8.9,7.8,127.1,130.2
2029-01-17,14.7,8.3,8.3,10.0,11.8,10.5,4.2,9.6,8.5,128.1,130.3
2029-01-18,56.3,52.4,48.9,51.7,48.6,53.6,49.3,51.3,51.2,133.7,130.3
2029-01-19,36.9,37.6,41.6,38.9,37.5,36.4,34.9,36.2,38.7,132.9,130.3
2029-01-20,23.4,25.2,22.1,26.3,21.8,22.7,21.0,25.2,23.2,130.0,130.3
2029-01-21,18.1,10.4,13.2,16.4,11.0,15.1,16.4,14.1,13.9,131.0,130.3
2029-01-22,6.6,9.0,9.4,5.3,4.4,3.6,7.4,2.7,5.5,132.1,130.4
2029-01-23,44.9,45.6,44.4,46.0,50.6,45.2,44.6,47.5,45.4,136.4,130.4
2029-01-24,27.7,30.1,27.6,26.8,23.7,24.0,23.6,28.0,27.3,138.5,130.5
2029-01-25,3.7,9.0,6.5,6.0,4.8,7.7,4.9,4.5,6.5,138.8,130.6
2029-01-26,8.3,6.7,5.5,7.2,6.0,6.7,4.3,10.1,6.0,142.5,130.7
2029-01-27,2.1,6.3,2.8,4.8,4.7,5.5,1.5,5.4,3.2,137.6,130.9
2029-01-28,13.5,9.3,9.9,8.8,9.1,13.2,7.8,7.9,9.8,135.1,131.0
2029-01-29,14.6,12.6,15.6,10.5,11.6,10.0,11.6,7.8,11.4,132.2,131.1
2029-01-30,9.2,8.4,7.7,7.0,6.0,9.2,5.4,8.8,7.8,131.3,131.1
2029-01-31,14.1,12.9,7.0,8.9,10.8,9.8,7.2,10.7,10.0,127.5,131.1
2029-02-01,10.6,14.4,10.1,12.9,8.1,8.5,12.0,12.8,10.6,130.4,131.1
2029-02-02,5.0,7.0,4.1,6.5,8.6,6.0,6.4,4.6,6.9,130.3,131.1
2029-02-03,9.0,13.8,10.4,8.3,9.6,7.1,8.2,13.0,10.3,126.5,131.1
2029-02-04,11.1,15.1,11.2,11.3,12.6,6.0,11.8,11.3,11.4,124.6,131.1
2029-02-05,14.9,13.9,9.7,14.4,11.4,10.1,12.3,11.5,11.9,127.0,131.3
2029-02-06,6.9,4.5,4.3,5.6,6.0,5.4,6.7,5.1,3.8,130.6,131.5
2029-02-07,3.6,5.8,3.1,3.4,6.8,6.6,3.3,2.4,3.3,137.1,131.7
2029-02-08,13.1,11.8,10.8,9.5,10.9,10.1,8.9,10.5,10.2,145.5,131.9
2029-02-09,11.2,10.0,12.5,13.3,12.7,10.2,12.2,10.9,10.7,145.1,132.1
2029-02-10,3.0,6.8,5.8,10.7,8.4,6.9,6.0,5.8,5.5,140.5,132.4
2029-02-11,1.4,0.0,1.6,3.3,0.0,2.3,2.9,3.0,3.4,133.2,132.5
2029-02-12,4.1,4.7,8.8,6.7,4.3,5.3,5.3,3.9,5.4,134.2,132.7
2029-02-13,5.3,8.8,6.0,4.6,6.7,7.1,2.9,6.7,6.8,131.9,132.8
2029-02-14,7.2,6.3,9.9,7.9,8.3,11.0,6.9,5.8,5.4,131.0,133.1
2029-02-15,8.8,5.7,7.0,5.5,7.6,5.5,5.5,7.7,6.8,129.8,133.3
2029-02-16,7.2,3.7,4.6,5.2,5.8,8.4,8.0,9.7,7.5,130.1,133.5
2029-02-17,6.8,7.5,6.5,5.7,7.5,7.2,6.1,7.9,5.3,134.0,133.6
2029-02-18,0.0,3.8,3.8,6.7,7.5,1.5,7.2,2.0,4.4,134.6,133.7
2029-02-19,5.8,7.6,7.5,5.0,9.4,9.5,10.2,7.2,8.1,134.2,134.0
2029-02-20,10.3,10.4,13.8,4.7,8.5,10.4,8.2,9.9,10.4,131.2,134.2
2029-02-21,11.5,10.4,11.9,13.0,11.3,10.8,11.4,11.7,11.7,126.8,134.3
2029-02-22,8.2,12.6,10.8,14.2,12.9,14.0,9.7,11.0,11.7,126.5,134.5
2029-02-23,1.8,2.9,6.8,7.3,2.0,3.4,4.1,5.5,4.3,127.7,134.7
2029-02-24,1.0,1.3,5.5,0.6,3.6,4.9,5.4,4.2,4.5,134.1,134.9
2029-02-25,7.5,9.9,8.8,7.0,8.3,9.0,11.7,9.8,8.3,134.7,135.1
2029-02-26,13.8,10.1,10.3,10.9,11.1,9.4,13.9,13.1,11.4,137.7,135.2
2029-02-27,7.5,9.4,8.5,9.5,5.4,7.8,8.0,9.3,8.1,135.9,135.3
2029-02-28,2.3,0.0,1.4,3.4,3.7,6.9,4.7,3.7,3.5,132.2,135.4
2029-03-01,10.3,12.6,9.2,10.1,8.2,13.2,11.1,8.9,10.3,129.8,135.4
2029-03-02,7.4,8.6,7.1,6.5,6.3,8.3,6.9,6.7,7.6,128.5,135.6
2029-03-03,6.3,9.1,8.6,8.3,9.4,10.5,10.4,10.1,9.0,135.9,135.7
2029-03-04,11.0,10.3,9.3,10.2,11.5,9.9,11.6,9.5,11.4,133.4,135.8
2029-03-05,1.4,6.3,3.7,3.0,2.5,5.5,7.4,3.9,4.7,136.3,135.8
2029-03-06,7.9,10.4,4.7,12.2,13.2,2.9,8.1,6.9,8.3,133.5,135.8
2029-03-07,6.5,6.1,8.6,6.8,5.2,6.6,8.0,4.6,7.0,136.6,135.7
2029-03-08,0.6,7.9,2.7,3.7,3.1,5.0,7.5,5.1,3.9,137.6,135.6
2029-03-09,4.1,4.3,6.3,6.6,3.7,8.7,4.9,10.1,7.1,136.9,135.5
2029-03-10,11.0,6.8,8.2,4.9,8.6,6.3,5.2,6.8,7.3,136.6,135.4
2029-03-11,2.9,3.1,5.7,2.2,7.3,1.1,7.0,1.8,3.8,134.5,135.4
2029-03-12,11.4,10.4,10.7,13.0,14.4,13.7,10.6,11.7,11.4,136.1,135.4
2029-03-13,4.3,3.8,3.5,5.0,6.3,2.0,5.7,8.9,5.8,134.7,135.5
2029-03-14,9.3,5.9,4.3,8.0,2.4,9.3,6.6,10.7,7.1,131.2,135.5
2029-03-15,1.3,6.5,4.5,4.0,2.0,5.9,6.1,8.3,4.7,128.1,135.5
2029-03-16,7.3,4.1,3.3,2.5,8.2,3.7,8.2,6.3,5.3,129.9,135.6
2029-03-17,4.3,3.0,4.9,3.6,2.9,5.0,3.3,2.0,3.6,135.5,135.8
2029-03-18,83.5,82.2,83.3,81.4,79.9,85.8,85.4,84.1,82.3,136.1,135.9
2029-03-19,8.1,8.3,11.7,8.2,7.6,12.6,8.8,12.4,8.9,135.8,136.1
2029-03-20,8.8,12.6,15.7,11.6,11.0,9.2,13.7,10.0,11.5,136.7,136.1
2029-03-21,10.7,8.4,14.0,13.2,10.8,8.6,14.0,10.2,10.9,140.6,136.0
2029-03-22,3.7,2.4,4.6,3.0,4.6,7.4,5.1,6.6,5.9,140.6,135.9
2029-03-23,6.4,8.0,11.7,7.1,8.6,4.7,10.9,6.9,7.8,138.8,135.9
2029-03-24,5.6,3.3,4.8,4.9,2.6,5.7,2.0,5.1,3.5,141.8,135.9
2029-03-25,4.5,6.0,4.4,5.4,3.1,5.8,5.4,4.2,5.3,142.3,135.9
2029-03-26,4.7,5.0,3.5,4.5,2.8,9.5,6.9,5.3,4.8,146.0,136.0
2029-03-27,11.0,4.7,3.5,7.8,5.9,8.2,9.1,10.5,8.6,145.2,136.1
2029-03-28,3.8,6.9,6.1,6.8,5.1,8.9,5.9,9.7,6.1,140.2,136.4
2029-03-29,8.4,11.4,9.8,9.3,11.2,9.3,4.6,3.8,9.9,135.6,136.6
2029-03-30,10.8,10.7,12.1,8.3,5.7,7.4,8.3,6.3,8.3,140.7,136.7
2029-03-31,11.0,12.2,8.7,7.7,5.1,10.8,7.9,7.1,7.7,145.3,136.7
2029-04-01,11.1,9.0,10.4,7.3,12.3,9.9,12.5,9.7,10.1,143.5,136.8
2029-04-02,6.6,4.4,8.4,5.1,5.9,6.9,7.1,3.4,6.9,141.4,136.8
2029-04-03,11.4,13.5,11.1,11.4,12.2,11.6,9.8,11.8,11.9,145.1,137.0
2029-04-04,5.8,1.7,3.1,1.1,5.7,3.7,2.1,4.0,3.8,140.6,137.2
2029-04-05,1.7,2.1,1.2,2.0,6.9,2.7,5.1,2.5,4.1,137.4,137.3
2029-04-06,9.1,5.5,7.6,7.7,12.2,8.8,6.4,8.9,7.6,139.3,137.3
2029-04-07,15.1,7.6,9.1,10.4,10.0,10.2,8.2,13.6,10.8,137.8,137.2
2029-04-08,5.7,8.1,10.6,8.5,6.6,5.8,8.1,7.0,8.5,137.7,137.1
2029-04-09,11.0,7.8,12.2,10.8,11.0,13.5,9.7,9.1,10.6,137.1,137.0
2029-04-10,2.2,2.9,3.1,1.7,0.0,2.2,4.0,3.6,3.3,138.2,137.0
2029-04-11,7.3,8.9,6.5,7.7,6.5,8.4,8.6,6.8,4.9,142.3,137.0
2029-04-12,10.2,8.4,8.8,8.2,10.1,7.4,8.5,4.1,8.8,141.8,137.0
2029-04-13,8.1,4.3,5.6,7.6,5.3,7.6,2.2,9.5,4.7,143.1,136.8
2029-04-14,11.5,9.8,12.2,7.0,8.8,12.2,5.6,10.5,9.3,136.1,136.8
2029-04-15,4.9,7.8,0.7,7.1,2.7,2.9,1.4,1.7,3.8,136.2,136.7
2029-04-16,10.7,7.7,11.4,8.6,7.5,8.8,10.6,9.3,9.9,133.9,136.6
2029-04-17,5.7,7.0,7.8,5.0,3.5,5.8,6.6,2.7,5.6,130.8,136.6
2029-04-18,7.6,7.9,9.0,7.9,10.8,6.2,6.2,8.7,9.4,129.2,136.7
2029-04-19,5.4,2.9,4.6,5.0,5.0,6.1,4.4,8.7,5.8,129.4,136.7
2029-04-20,4.3,1.7,3.5,3.6,5.8,2.2,4.9,3.4,3.4,133.4,136.8
2029-04-21,6.4,6.0,3.8,2.9,4.4,3.0,6.7,3.5,3.4,130.1,136.8
2029-04-22,105.1,105.0,103.5,107.0,104.3,108.1,103.3,106.2,105.9,131.4,136.9
2029-04-23,65.8,59.2,67.6,62.7,63.8,64.7,65.0,64.1,63.5,130.9,137.0
2029-04-24,40.1,39.2,41.6,39.2,42.1,39.9,34.5,43.3,38.1,131.0,137.1
2029-04-25,6.1,10.2,7.3,9.4,5.9,8.5,6.7,10.4,7.2,135.0,137.3
2029-04-26,7.8,8.8,2.6,6.8,7.7,7.4,8.8,6.2,6.9,137.1,137.5
2029-04-27,7.8,10.1,3.1,8.9,7.0,5.9,8.4,10.2,7.7,141.3,137.5
2029-04-28,10.5,8.1,10.1,10.1,8.2,7.0,7.1,10.1,8.4,140.3,137.6
2029-04-29,11.9,9.9,8.6,13.6,10.9,12.6,14.4,9.3,12.0,137.9,137.6
2029-04-30,6.4,6.1,7.2,8.9,3.8,7.6,8.5,6.1,6.5,137.3,137.6
2029-05-01,5.9,7.0,6.9,7.3,7.3,4.2,8.1,8.5,6.2,138.2,137.6
2029-05-02,4.9,1.6,4.3,5.0,2.3,3.9,1.8,5.8,4.6,138.7,137.5
2029-05-03,7.8,4.2,8.2,7.4,8.5,6.7,5.9,5.9,7.5,135.4,137.5
2029-05-04,2.2,3.3,3.6,2.9,2.4,2.6,8.3,1.8,3.3,136.1,137.5
2029-05-05,5.5,13.2,7.5,3.9,8.3,4.8,8.4,6.2,6.6,137.2,137.4
2029-05-06,4.5,8.6,6.5,7.3,6.2,4.5,6.6,7.8,5.4,144.9,137.4
2029-05-07,5.2,8.5,6.6,5.3,5.4,5.2,2.4,4.7,4.9,149.6,137.4
2029-05-08,8.6,7.3,8.8,8.2,9.7,9.5,8.5,5.4,8.2,145.4,137.4
2029-05-09,11.8,7.9,8.1,7.5,7.2,11.3,11.0,9.1,8.2,143.5,137.5
2029-05-10,10.2,11.7,10.6,10.1,11.1,9.6,10.9,10.8,10.4,138.4,137.5
2029-05-11,8.1,5.6,8.3,5.0,5.7,5.8,4.7,8.9,6.9,136.7,137.4
2029-05-12,8.9,9.4,13.3,9.7,10.4,8.8,12.5,12.5,10.8,137.9,137.4
2029-05-13,9.6,9.2,8.3,7.1,6.5,10.7,9.6,6.7,8.1,141.7,137.4
2029-05-14,4.6,3.9,2.3,4.9,3.7,2.6,1.6,1.4,4.5,139.0,137.5
2029-05-15,8.8,9.4,7.8,10.9,9.4,10.7,9.2,8.0,9.6,137.1,137.6
2029-05-16,9.7,7.0,10.6,7.6,11.4,8.8,11.6,7.3,9.5,130.9,137.7
2029-05-17,9.4,11.5,13.1,14.1,10.8,14.4,10.2,13.0,10.8,131.6,137.8
2029-05-18,1.9,4.6,0.0,1.6,4.7,1.2,4.7,5.6,3.8,129.5,137.9
2029-05-19,33.5,32.6,33.6,32.6,34.3,34.7,33.9,37.9,34.5,129.4,138.0
2029-05-20,19.3,23.5,18.6,20.8,23.1,23.0,19.9,21.8,20.7,128.2,138.1
2029-05-21,13.3,11.3,13.7,16.1,13.4,13.6,13.8,9.5,12.4,129.6,138.1
2029-05-22,6.0,3.1,3.9,9.4,4.6,3.6,7.4,3.2,5.1,125.7,138.1
2029-05-23,5.9,9.3,6.9,3.7,7.9,6.0,9.9,5.6,6.8,123.3,138.1
2029-05-24,9.5,11.0,5.7,7.0,8.2,5.7,7.9,7.0,7.4,132.1,138.1
2029-05-25,11.4,12.0,12.0,12.2,10.7,10.8,11.7,11.8,11.9,129.3,138.1
2029-05-26,9.6,11.1,6.8,9.0,9.9,8.8,13.7,10.5,10.5,127.5,138.2
2029-05-27,7.7,6.3,7.3,4.9,7.0,5.4,6.7,2.2,7.3,134.8,138.3
2029-05-28,6.7,11.9,10.6,11.6,11.8,10.3,8.1,6.9,9.0,144.2,138.4
2029-05-29,7.7,5.5,10.4,4.6,9.3,5.1,8.0,8.8,5.4,140.0,138.5
2029-05-30,4.3,5.3,4.2,3.8,7.6,5.9,6.4,7.4,6.3,138.8,138.6
2029-05-31,3.4,9.7,6.5,8.2,8.4,9.9,7.0,2.9,7.2,140.0,138.7
2029-06-01,5.9,6.2,3.7,6.0,5.0,3.1,7.1,4.6,5.7,145.1,138.9
2029-06-02,5.5,5.4,8.8,6.2,6.4,5.4,7.2,9.0,6.3,141.3,138.9
2029-06-03,12.1,12.2,12.1,8.1,9.1,10.4,9.4,8.7,10.8,140.3,139.0
2029-06-04,0.5,1.5,3.7,4.1,2.6,4.4,3.3,6.4,4.2,142.6,139.1
2029-06-05,10.3,12.0,11.0,7.8,10.4,8.2,10.4,9.1,10.6,143.5,139.1
2029-06-06,5.1,1.7,4.4,5.5,6.2,2.8,4.4,4.7,4.4,141.8,139.1
2029-06-07,94.1,88.0,89.2,96.6,90.4,87.2,89.8,85.4,91.0,141.1,139.0
2029-06-08,3.9,5.0,1.6,2.5,5.3,0.0,0.8,2.9,3.4,136.8,139.0
2029-06-09,2.1,3.1,1.1,4.1,3.3,4.7,4.0,4.1,3.6,136.5,139.0
2029-06-10,6.9,10.8,9.1,9.5,11.9,8.4,12.5,12.7,9.8,136.3,139.0
2029-06-11,4.6,1.1,0.0,5.3,3.3,1.6,5.4,1.4,3.1,137.5,139.1
2029-06-12,11.1,13.0,9.7,11.7,14.1,12.3,14.4,14.2,11.9,136.2,139.1
2029-06-13,4.7,0.0,2.5,6.2,1.6,4.1,5.4,7.6,4.7,138.2,139.1
2029-06-14,6.8,6.7,7.9,8.7,7.7,10.1,6.4,8.2,8.0,141.6,139.1
2029-06-15,11.0,9.3,11.8,10.4,11.7,10.5,10.9,8.9,10.1,141.8,139.1
2029-06-16,9.8,13.5,12.3,9.0,11.4,6.3,9.9,13.0,11.0,142.6,139.1
2029-06-17,5.0,5.5,0.0,4.4,5.9,6.2,7.2,4.8,5.2,142.4,139.0
2029-06-18,5.3,3.0,5.3,3.2,2.0,3.5,8.7,5.1,5.7,142.1,139.0
2029-06-19,11.8,10.4,7.8,13.3,7.0,10.3,11.3,11.8,11.4,139.7,139.1
2029-06-20,10.3,8.1,10.2,10.3,10.2,13.7,9.3,12.4,11.8,140.7,139.3
2029-06-21,8.2,9.8,7.6,9.4,7.5,8.7,4.8,2.6,7.8,140.4,139.5
2029-06-22,4.7,4.8,4.9,2.9,6.9,3.0,4.8,5.2,4.0,146.7,139.7
2029-06-23,11.2,7.1,6.4,4.8,10.9,8.6,8.7,14.0,7.7,150.5,139.9
2029-06-24,12.0,8.8,11.0,9.4,10.6,10.6,10.2,8.6,11.4,150.1,140.0
2029-06-25,8.0,5.4,4.3,6.3,5.7,5.3,6.2,5.0,4.8,146.4,140.2
2029-06-26,5.2,5.4,4.2,3.4,6.9,2.9,4.7,4.7,3.9,142.2,140.4
2029-06-27,8.3,7.9,8.8,8.5,6.6,8.2,10.1,12.1,9.5,145.6,140.6
2029-06-28,10.3,4.0,10.5,8.1,10.1,9.2,8.8,9.0,9.2,145.6,140.8
2029-06-29,9.8,12.5,9.8,12.0,11.7,11.2,6.2,12.0,9.8,146.3,141.0
2029-06-30,8.5,10.9,7.5,7.1,13.4,7.6,11.8,9.7,9.5,140.3,141.2
2029-07-01,5.1,5.8,3.3,5.9,3.7,5.1,7.8,6.4,5.9,143.1,141.5
2029-07-02,8.6,13.3,11.6,10.5,13.1,11.3,9.3,15.3,11.6,144.2,141.8
2029-07-03,8.9,8.8,8.2,11.3,7.9,5.9,7.6,11.6,9.0,140.3,142.2
2029-07-04,11.5,9.3,12.6,11.3,9.3,9.5,10.5,8.1,9.8,139.0,142.4
2029-07-05,4.5,5.1,1.1,4.1,3.8,6.5,0.8,3.7,4.4,140.1,142.7
2029-07-06,6.9,9.8,7.8,11.4,9.2,7.0,8.3,7.1,7.9,140.4,142.9
2029-07-07,9.9,5.5,6.5,9.1,10.6,3.7,10.9,7.9,8.1,139.6,143.0
2029-07-08,2.9,0.6,3.6,6.6,6.5,7.9,5.5,4.4,6.6,139.5,143.0
2029-07-09,7.4,8.3,8.7,6.7,10.1,7.0,6.5,7.2,8.3,139.0,143.0
2029-07-10,11.6,9.2,8.1,11.3,13.8,9.9,11.9,11.6,9.5,139.8,143.2
2029-07-11,8.9,10.2,7.5,9.7,8.9,9.3,8.6,9.5,10.1,144.4,143.2
2029-07-12,8.9,7.6,4.1,6.3,4.8,8.3,8.8,8.4,7.8,136.3,143.2
2029-07-13,2.3,4.4,3.0,1.6,5.4,5.5,5.8,2.7,3.9,136.3,143.2
2029-07-14,10.1,6.8,9.1,6.7,7.3,2.9,7.1,7.9,7.7,137.6,143.1
2029-07-15,8.3,12.6,6.8,8.0,7.3,8.0,11.2,12.1,9.1,139.0,143.1
2029-07-16,6.9,6.9,6.0,10.9,10.6,8.1,5.5,5.7,8.3,138.3,143.0
2029-07-17,9.9,10.7,5.5,9.0,12.8,9.2,12.6,10.9,9.6,133.5,143.0
2029-07-18,6.2,7.8,8.1,6.4,6.4,11.4,6.4,10.5,8.3,135.7,143.1
2029-07-19,5.2,6.0,7.2,4.9,7.2,2.0,6.9,1.1,6.0,141.7,143.1
2029-07-20,10.3,12.5,12.0,8.2,8.4,9.4,11.1,6.7,10.8,137.1,143.1
2029-07-21,7.7,8.3,7.1,8.7,8.1,6.6,3.8,7.9,7.7,140.4,143.2
2029-07-22,1.5,2.3,4.4,6.3,3.4,4.6,0.6,3.9,3.5,139.6,143.2
2029-07-23,4.6,7.2,3.7,4.3,6.9,4.6,2.5,9.8,4.7,139.7,143.3
2029-07-24,9.3,11.4,12.2,12.0,11.1,11.1,11.0,9.3,11.5,136.9,143.4
2029-07-25,9.4,4.7,6.3,4.4,4.4,4.2,2.0,4.8,5.1,136.6,143.3
2029-07-26,5.2,8.4,3.7,4.9,4.2,8.9,4.3,7.2,6.0,141.3,143.3
2029-07-27,8.4,6.2,3.7,3.7,8.2,3.9,7.2,6.7,6.5,143.1,143.2
2029-07-28,11.0,11.2,8.4,8.3,11.7,9.0,4.7,11.5,10.2,148.1,143.2
2029-07-29,6.4,9.4,11.3,8.5,10.5,8.8,11.7,6.4,8.5,150.7,143.3
2029-07-30,6.6,8.0,6.2,8.9,5.8,10.8,10.9,7.2,6.6,150.7,143.3
2029-07-31,12.4,13.7,8.9,8.7,13.8,11.9,10.9,11.3,11.3,154.6,143.4
2029-08-01,2.9,7.3,6.2,9.5,9.7,8.9,8.5,4.7,7.7,154.1,143.5
2029-08-02,6.1,6.2,7.4,9.1,1.5,4.1,3.4,5.3,4.9,154.7,143.5
2029-08-03,7.5,7.0,9.5,5.3,5.4,5.4,6.8,5.0,7.5,152.0,143.5
2029-08-04,84.5,84.3,83.1,86.4,84.5,86.8,84.3,84.6,84.6,150.7,143.4
2029-08-05,9.3,10.4,11.9,9.6,11.5,8.8,12.0,9.3,10.5,147.3,143.5
2029-08-06,5.2,3.6,6.5,1.2,0.5,2.2,0.7,0.7,3.5,149.5,143.5
2029-08-07,12.7,11.4,10.5,10.7,10.2,14.7,10.0,8.8,11.4,144.9,143.5
2029-08-08,10.4,8.3,12.9,7.7,10.5,10.9,7.7,7.3,8.8,146.9,143.5
2029-08-09,8.3,7.9,4.0,4.5,1.7,8.0,6.3,6.5,6.8,145.6,143.5
2029-08-10,0.5,1.7,2.9,2.5,4.1,5.0,8.4,3.8,3.9,148.6,143.6
2029-08-11,12.8,8.9,7.2,9.8,7.3,10.6,9.0,6.6,10.5,149.9,143.6
2029-08-12,8.5,4.0,1.8,6.8,3.6,7.2,3.6,4.0,5.0,154.3,143.6
2029-08-13,5.6,6.1,6.5,4.8,6.0,6.4,5.3,4.7,4.9,154.7,143.7
2029-08-14,5.2,9.3,8.2,7.2,10.6,5.2,11.4,8.0,8.1,148.2,143.8
2029-08-15,9.3,7.8,5.3,8.4,9.3,10.0,8.2,4.3,8.6,147.1,143.8
2029-08-16,1.3,8.5,2.2,7.2,2.5,4.0,5.6,2.7,4.4,142.9,143.8
2029-08-17,14.3,11.3,12.0,10.6,12.4,14.3,10.9,14.6,11.1,141.3,143.9
2029-08-18,7.5,10.2,9.7,6.5,9.1,8.7,7.0,9.4,8.7,146.1,144.0
2029-08-19,9.0,8.6,8.6,8.6,8.0,9.0,7.5,14.1,8.8,147.5,144.1
2029-08-20,0.3,2.0,2.1,7.2,0.5,4.0,3.6,3.8,3.1,144.7,144.3
2029-08-21,10.7,10.7,7.4,8.7,4.5,8.5,6.7,7.9,8.3,141.3,144.4
2029-08-22,3.0,7.2,3.0,6.7,3.9,4.7,8.7,7.6,6.4,141.6,144.6
2029-08-23,72.9,73.7,69.0,73.6,67.6,72.1,69.6,68.7,70.6,138.2,144.8
2029-08-24,43.6,44.2,44.2,42.8,42.6,43.4,43.0,43.4,42.3,136.9,145.1
2029-08-25,25.8,27.1,22.2,25.1,22.6,26.0,28.7,24.5,25.4,138.7,145.2
2029-08-26,6.3,7.6,1.9,5.0,6.8,0.3,4.1,8.3,6.1,142.8,145.4
2029-08-27,9.8,8.5,9.5,8.2,8.9,7.1,8.0,6.5,7.7,144.7,145.6
2029-08-28,14.3,14.8,14.5,10.9,9.8,14.3,12.8,12.4,11.7,137.5,145.7
2029-08-29,4.6,6.7,3.7,7.1,8.6,9.1,7.3,3.1,5.9,139.3,145.9
2029-08-30,8.3,12.2,6.2,7.8,10.7,9.1,12.9,6.4,7.9,140.1,146.0
2029-08-31,6.8,11.2,6.4,8.4,8.7,10.9,10.0,9.7,8.8,141.8,146.0
2029-09-01,4.8,8.0,13.6,6.9,5.8,3.0,4.3,5.1,5.6,146.8,146.0
2029-09-02,2.2,3.2,6.8,5.7,2.9,0.8,5.9,3.1,3.2,140.1,145.9
2029-09-03,3.7,8.6,9.2,2.3,5.5,7.0,8.6,6.1,7.2,138.8,146.0
2029-09-04,77.7,80.9,78.5,80.5,77.2,76.7,80.9,79.9,79.4,141.2,146.0
2029-09-05,49.5,46.6,46.1,50.4,44.6,50.2,50.3,49.4,47.6,136.8,146.0
2029-09-06,8.3,8.1,9.3,7.1,7.8,11.0,11.0,7.6,9.7,142.2,146.0
2029-09-07,9.8,9.3,11.5,9.6,10.6,9.4,10.4,5.9,8.4,143.5,145.8
2029-09-08,3.1,3.3,2.9,4.3,4.6,4.2,3.0,1.9,3.4,146.0,145.6
2029-09-09,11.1,9.6,6.9,8.5,5.4,9.0,8.5,7.7,8.9,143.9,145.4
2029-09-10,6.3,0.8,4.6,7.5,5.3,3.1,0.9,0.4,3.1,146.3,145.2
2029-09-11,8.9,8.4,8.3,9.1,9.6,10.7,7.3,8.4,9.8,149.1,145.0
2029-09-12,7.6,7.5,11.6,8.4,4.7,8.7,9.0,7.7,7.9,148.9,144.9
2029-09-13,6.8,12.8,7.1,10.6,9.7,10.5,12.7,10.4,9.3,148.8,144.8
2029-09-14,3.0,6.3,2.8,4.4,1.5,2.0,4.2,4.8,4.1,148.9,144.7
2029-09-15,0.0,4.2,1.6,5.8,2.5,1.0,3.4,1.4,3.2,145.5,144.7
2029-09-16,6.2,3.7,3.4,4.9,1.7,1.1,4.5,1.5,3.7,144.8,144.7
2029-09-17,0.8,4.7,4.1,0.5,1.8,1.2,6.6,4.8,3.0,144.2,144.6
2029-09-18,5.2,7.2,3.3,4.7,6.2,6.9,5.8,6.5,6.0,145.2,144.6
2029-09-19,7.2,6.7,6.5,6.2,7.5,7.9,7.5,4.7,7.1,148.0,144.6
2029-09-20,7.9,10.7,12.9,10.2,9.1,10.4,7.6,12.5,9.9,144.2,144.6
2029-09-21,9.2,7.5,8.5,7.8,11.5,8.5,9.2,10.0,8.9,143.8,144.6
2029-09-22,4.2,6.0,6.2,2.6,6.2,5.6,5.9,5.7,5.7,148.2,144.5
2029-09-23,4.3,6.5,1.4,3.1,5.1,4.8,4.7,9.3,3.8,145.4,144.4
2029-09-24,12.7,13.7,10.9,9.5,10.9,12.9,12.3,12.3,11.5,142.7,144.4
2029-09-25,6.3,6.0,6.3,8.1,8.4,4.7,8.2,5.4,6.7,143.5,144.3
2029-09-26,8.0,6.7,10.2,6.3,7.5,8.3,5.4,7.0,7.1,146.1,144.2
2029-09-27,2.8,2.3,2.4,5.5,2.1,4.4,3.9,0.5,3.3,145.8,144.2
2029-09-28,9.6,5.7,9.8,7.5,8.5,5.9,8.8,10.4,8.5,149.5,143.9
2029-09-29,7.4,7.8,9.9,10.0,4.1,13.0,10.1,10.4,9.0,151.3,143.7
2029-09-30,10.7,7.3,12.3,9.8,12.1,10.5,11.5,9.4,11.0,152.7,143.6
2029-10-01,9.2,5.1,11.9,11.9,10.7,10.0,7.3,9.8,7.4,153.1,143.5
2029-10-02,5.2,2.3,8.4,7.7,5.4,3.0,4.3,1.8,5.4,158.8,143.5
2029-10-03,6.7,1.6,5.4,3.1,1.9,5.3,4.1,6.5,4.8,156.0,143.5
2029-10-04,7.9,8.9,5.6,6.0,14.0,14.6,10.6,8.8,10.4,148.2,143.6
2029-10-05,10.3,12.6,9.9,11.4,10.9,9.8,9.8,11.5,10.9,152.4,143.7
2029-10-06,3.1,6.0,4.1,5.3,7.8,4.7,6.9,1.5,5.1,149.8,143.8
2029-10-07,7.2,8.2,12.0,4.2,7.9,11.1,6.6,7.7,8.1,149.3,143.9
2029-10-08,8.7,8.4,11.2,8.9,10.7,7.3,6.6,7.6,8.0,152.5,144.0
2029-10-09,3.3,6.6,4.8,4.3,6.6,3.3,7.1,4.6,5.6,146.5,144.0
2029-10-10,6.1,3.0,5.0,4.1,5.2,4.0,0.4,5.8,3.7,142.4,144.1
2029-10-11,10.8,12.6,12.4,9.4,9.2,12.3,10.4,12.9,11.0,137.9,144.0
2029-10-12,7.3,9.7,8.5,8.3,6.9,8.2,10.1,7.6,7.7,136.5,143.9
2029-10-13,8.2,7.3,7.4,10.6,9.6,7.3,7.6,5.8,7.2,139.1,143.9
2029-10-14,10.1,11.0,12.1,11.9,8.2,12.4,10.2,8.4,10.4,141.5,144.0
2029-10-15,12.1,12.4,10.0,10.9,11.0,12.2,10.9,6.8,9.4,142.8,144.1
2029-10-16,12.2,10.3,7.2,6.1,9.2,7.6,8.8,9.7,8.2,138.8,144.2
2029-10-17,4.5,3.4,6.4,4.6,5.9,2.9,5.1,7.0,5.6,132.8,144.2
2029-10-18,10.8,8.0,7.2,9.6,10.7,10.4,8.5,10.2,9.6,134.7,144.2
2029-10-19,12.0,9.4,5.7,9.4,13.1,6.4,9.0,8.5,9.0,134.8,144.1
2029-10-20,12.1,12.3,14.2,12.1,14.5,11.7,11.2,10.6,11.9,137.7,144.1
2029-10-21,6.7,10.9,14.4,11.2,11.7,9.5,9.8,12.3,10.3,140.8,144.0
2029-10-22,11.1,10.1,8.7,7.1,7.5,5.6,4.2,4.8,7.1,141.9,143.9
2029-10-23,6.6,6.0,3.6,6.5,5.9,4.2,5.8,5.9,6.5,144.6,143.8
2029-10-24,2.7,5.8,0.1,0.0,4.0,4.1,4.8,2.9,4.0,145.3,143.7
2029-10-25,8.7,10.6,9.7,13.7,9.9,10.5,15.5,10.2,10.6,146.9,143.5
2029-10-26,7.7,7.8,8.0,7.1,6.9,6.7,5.4,7.2,6.5,144.5,143.5
2029-10-27,11.5,9.8,8.0,9.1,5.7,6.9,9.3,10.4,7.4,144.0,143.4
2029-10-28,9.5,10.1,15.4,11.2,14.7,11.5,11.5,10.4,11.1,144.7,143.4
2029-10-29,10.1,10.9,6.1,7.5,10.0,7.9,7.2,10.2,8.2,147.2,143.4
2029-10-30,10.7,7.6,9.0,6.1,6.7,8.8,8.6,6.6,8.5,145.7,143.4
2029-10-31,5.2,4.5,7.5,2.7,4.6,2.9,7.4,3.0,6.6,147.2,143.4
2029-11-01,8.3,11.5,11.6,4.6,8.8,6.3,5.9,8.0,8.2,146.1,143.4
2029-11-02,9.7,8.4,5.8,8.7,2.8,5.7,5.6,7.4,7.2,145.6,143.4
2029-11-03,9.3,9.4,9.4,9.8,10.8,10.0,9.1,10.5,9.7,148.0,143.4
2029-11-04,11.9,9.1,10.1,12.5,8.0,13.8,7.5,9.5,10.2,141.6,143.4
2029-11-05,2.5,8.8,3.4,3.4,3.6,4.6,3.7,4.1,4.4,138.3,143.5
2029-11-06,0.0,5.7,5.6,7.6,8.2,5.2,7.2,3.4,5.6,134.9,143.5
2029-11-07,6.7,4.0,2.8,4.8,8.0,5.5,8.1,3.7,5.1,129.4,143.6
2029-11-08,7.4,4.0,5.7,5.7,6.6,5.8,3.8,7.1,5.3,129.8,143.6
2029-11-09,15.0,10.4,7.9,12.5,10.9,11.3,12.7,10.6,11.5,134.4,143.8
2029-11-10,10.3,10.7,13.8,10.9,8.4,8.5,11.2,8.6,10.9,135.2,143.8
2029-11-11,7.7,12.1,12.2,10.1,11.5,11.2,12.1,12.1,10.9,137.3,143.9
2029-11-12,5.2,9.9,11.4,9.6,10.4,11.9,10.5,13.4,10.4,141.8,143.9
2029-11-13,101.9,99.4,99.3,94.0,99.0,97.0,100.1,100.0,99.7,146.3,143.8
2029-11-14,61.2,62.6,59.7,64.4,60.3,57.2,58.7,59.0,59.8,146.0,143.9
2029-11-15,37.1,34.0,35.3,35.6,35.0,37.5,37.2,38.2,35.9,150.0,143.9
2029-11-16,7.1,10.2,5.1,5.0,5.4,7.8,10.2,6.6,7.8,149.6,143.9
2029-11-17,9.4,9.9,11.5,9.4,9.2,7.6,9.2,12.7,10.3,146.5,143.9
2029-11-18,7.4,5.7,9.7,6.0,10.1,10.0,7.3,4.2,7.2,144.6,143.8
2029-11-19,9.6,5.8,4.4,7.0,6.5,7.7,3.7,5.7,5.1,140.3,143.7
2029-11-20,6.4,10.1,8.7,9.3,8.5,8.3,7.0,10.4,8.8,138.4,143.7
2029-11-21,8.2,4.1,6.3,6.1,5.2,2.2,2.6,3.7,5.2,138.5,143.7
2029-11-22,0.0,7.1,5.0,4.2,0.0,0.6,4.3,8.2,4.3,142.0,143.7
2029-11-23,3.6,6.8,4.1,5.1,7.5,4.3,3.7,7.9,5.0,147.7,143.7
2029-11-24,12.0,14.1,10.5,14.7,12.5,12.8,12.2,10.9,11.9,143.3,143.8
2029-11-25,74.5,73.6,76.4,74.1,71.5,71.2,71.1,75.8,74.5,144.8,143.8
2029-11-26,42.4,45.3,45.0,44.6,45.6,45.0,39.3,44.1,44.7,141.9,143.9
2029-11-27,11.1,13.5,13.6,7.5,9.6,7.1,13.3,12.3,10.3,143.9,144.1
2029-11-28,7.4,7.0,9.5,9.1,9.0,7.6,6.0,8.2,6.7,143.8,144.2
2029-11-29,11.3,9.3,9.0,11.9,13.0,8.2,9.1,10.4,9.7,138.6,144.3
2029-11-30,5.2,3.2,8.0,5.1,5.3,7.7,3.3,4.1,4.2,142.5,144.5
2029-12-01,8.5,10.7,8.1,12.5,11.9,10.5,10.8,12.6,11.0,141.2,144.5
2029-12-02,72.1,74.8,75.8,70.8,75.8,71.1,74.2,72.1,74.4,140.3,144.6
2029-12-03,47.5,42.3,41.3,44.9,43.8,41.6,45.7,40.7,44.6,138.0,144.6
2029-12-04,24.7,25.6,28.4,29.4,29.0,26.5,21.9,27.6,26.8,137.2,144.7
2029-12-05,8.4,7.9,6.4,3.1,4.4,9.3,2.6,3.2,5.4,139.8,144.7
2029-12-06,6.5,3.8,2.3,7.7,5.6,3.9,2.3,8.7,4.6,140.2,144.9
2029-12-07,9.3,12.2,11.1,8.3,8.3,12.3,12.3,5.6,9.4,142.1,145.0
2029-12-08,4.9,3.6,1.8,4.4,1.1,2.9,2.2,2.8,3.8,143.8,145.2
2029-12-09,4.4,2.5,7.7,5.6,8.2,4.3,3.5,8.1,4.6,148.1,145.3
2029-12-10,5.1,5.9,7.7,3.8,7.7,7.4,8.8,8.0,6.2,146.8,145.4
2029-12-11,7.5,4.6,3.1,9.1,1.8,2.0,6.0,8.1,4.9,142.3,145.4
2029-12-12,7.9,9.5,3.5,6.5,3.7,9.0,4.4,4.9,7.5,146.1,145.5
2029-12-13,49.1,50.1,47.7,49.2,49.1,47.6,45.8,49.2,48.0,145.1,145.6
2029-12-14,11.8,12.3,11.2,8.2,11.9,10.5,9.6,9.9,10.5,148.7,145.6
2029-12-15,9.6,12.7,8.1,9.0,10.3,14.2,13.0,7.7,10.9,149.5,145.7
2029-12-16,13.5,13.5,8.5,5.8,10.7,13.1,14.0,9.1,10.8,148.6,145.8
2029-12-17,12.6,4.6,8.3,8.2,11.4,11.7,11.0,6.4,9.1,149.3,146.1
2029-12-18,10.6,9.9,5.5,4.7,11.0,8.5,6.3,8.5,8.9,154.7,146.3
2029-12-19,4.6,3.7,0.8,7.7,5.9,3.2,3.3,4.6,3.9,159.7,146.6
2029-12-20,1.4,4.3,1.0,3.5,1.3,1.4,6.9,3.8,3.7,158.0,146.8
2029-12-21,7.4,3.0,5.8,7.9,7.4,2.7,7.4,7.7,7.0,156.7,147.0
2029-12-22,13.1,9.3,6.1,8.6,8.4,12.0,5.1,9.7,10.6,158.4,147.1
2029-12-23,7.3,4.5,6.2,1.2,1.3,7.3,4.7,4.7,4.5,154.1,147.2
2029-12-24,8.8,11.2,8.7,13.4,16.4,12.0,9.7,5.9,11.0,154.0,147.1
2029-12-25,6.4,12.9,7.7,9.0,11.1,12.8,9.4,9.0,9.8,152.8,147.0
2029-12-26,9.0,7.6,7.7,9.7,9.2,13.1,9.7,11.1,8.8,152.8,146.9
2029-12-27,3.2,6.4,3.9,6.1,6.7,5.4,10.2,8.2,5.3,149.4,146.8
2029-12-28,6.4,5.6,7.6,1.2,6.8,2.1,2.9,5.2,4.1,144.2,146.8
2029-12-29,11.2,6.4,7.7,8.9,8.4,10.4,15.6,9.6,8.7,138.4,146.7
2029-12-30,3.5,2.4,4.3,3.1,5.9,5.9,4.0,8.9,4.9,136.3,146.6
2029-12-31,7.7,8.9,10.5,11.0,11.7,10.0,11.3,7.9,9.2,136.5,146.6
2030-01-01,13.3,13.2,14.4,8.1,9.6,13.1,6.1,12.4,11.4,137.1,146.6
2030-01-02,12.6,9.4,9.7,8.4,9.5,9.5,9.2,9.0,10.5,144.4,146.7
2030-01-03,9.1,9.1,13.4,8.9,10.3,8.5,8.5,6.2,9.7,148.1,146.6
2030-01-04,7.5,8.2,11.0,12.8,7.0,9.5,7.9,10.1,10.6,145.0,146.6
2030-01-05,10.8,7.7,8.5,11.6,9.6,7.1,9.0,7.0,8.6,146.3,146.6
2030-01-06,10.0,10.1,6.4,9.5,8.9,10.2,10.8,10.1,9.1,145.2,146.6
2030-01-07,11.4,13.9,10.2,9.3,5.6,11.8,10.3,12.8,12.0,144.6,146.6
2030-01-08,0.0,2.3,4.5,1.5,4.4,2.4,3.5,4.7,3.6,145.5,146.5
2030-01-09,6.0,4.3,2.4,3.2,5.3,2.0,3.7,3.3,4.1,147.6,146.6
2030-01-10,5.8,3.9,2.3,7.0,7.9,2.4,6.7,8.1,6.0,146.5,146.7
2030-01-11,5.8,3.8,2.8,4.8,5.1,4.8,4.3,2.5,4.7,149.8,146.8
2030-01-12,4.3,4.3,3.8,3.6,6.8,2.2,6.0,1.9,3.4,145.9,146.9
2030-01-13,11.5,11.7,8.7,12.6,10.2,7.5,8.5,11.5,9.2,146.1,147.0
2030-01-14,76.5,72.6,74.4,75.1,73.7,79.4,75.2,74.6,74.7,154.1,147.2
2030-01-15,47.2,44.1,46.8,41.5,43.9,46.9,48.0,43.3,44.8,153.7,147.4
2030-01-16,6.6,9.5,7.1,7.8,10.1,7.3,4.4,5.8,8.4,157.0,147.5
2030-01-17,11.3,7.6,10.7,8.5,14.6,15.6,9.2,11.8,11.3,155.8,147.6
2030-01-18,7.2,8.5,12.7,8.2,8.5,7.2,11.4,2.6,9.1,156.3,147.7
2030-01-19,10.7,11.5,10.3,13.3,14.0,8.8,15.8,8.8,11.6,154.7,147.8
2030-01-20,12.2,10.0,8.6,8.8,9.6,10.1,7.8,9.2,9.7,153.1,147.8
2030-01-21,3.4,2.5,3.3,2.7,4.1,5.8,5.2,8.9,5.0,149.9,148.0
2030-01-22,5.2,10.6,9.6,11.3,11.1,9.3,10.0,8.1,9.6,150.8,148.1
2030-01-23,8.3,3.3,8.6,7.0,6.1,6.6,6.7,9.7,7.1,147.7,148.2
2030-01-24,16.9,12.9,9.3,11.7,11.8,8.6,7.9,10.3,10.4,149.7,148.3
2030-01-25,10.4,5.6,7.3,9.9,8.9,11.6,6.0,13.5,8.8,152.6,148.4
2030-01-26,2.4,1.4,5.3,3.2,5.4,5.3,5.0,3.7,5.4,152.9,148.5
2030-01-27,4.3,2.8,5.6,3.1,1.5,0.0,3.1,0.9,3.4,151.2,148.5
2030-01-28,4.2,8.0,3.3,9.7,7.2,6.8,4.8,8.4,6.9,152.0,148.4
2030-01-29,5.2,3.8,5.6,1.8,1.9,3.0,5.9,5.2,5.2,150.4,148.3
2030-01-30,10.4,6.5,9.4,8.1,6.4,9.1,8.2,7.0,8.3,152.8,148.1
2030-01-31,3.7,3.3,3.3,2.8,1.0,3.7,2.0,1.5,3.6,146.5,148.0
2030-02-01,5.9,7.9,6.8,5.3,5.2,7.7,1.6,8.0,6.4,145.6,147.9
2030-02-02,3.1,4.1,5.9,11.2,10.2,8.3,7.6,3.2,6.9,139.9,147.8
2030-02-03,6.2,4.8,4.3,6.2,4.9,7.6,2.0,6.0,5.9,136.6,147.6
2030-02-04,9.7,10.6,12.1,9.2,11.8,11.0,10.1,10.5,11.5,142.3,147.4
2030-02-05,6.6,5.3,6.9,6.3,5.7,10.1,7.7,6.1,6.9,145.8,147.2
2030-02-06,7.4,5.1,6.2,6.5,4.6,7.9,6.1,6.4,7.1,143.9,147.1
2030-02-07,6.6,13.6,6.4,3.6,4.5,9.2,10.4,6.4,7.7,140.0,147.0
2030-02-08,6.5,5.4,3.6,3.4,4.3,5.7,4.7,2.6,3.9,132.2,147.1
2030-02-09,3.8,8.1,4.6,5.9,5.2,4.7,4.3,5.9,4.1,132.9,147.1
2030-02-10,9.4,8.5,6.6,8.8,7.9,7.4,13.4,4.9,8.0,142.4,147.2
2030-02-11,5.2,1.6,3.6,8.5,1.4,1.9,3.3,1.6,3.3,144.5,147.2
2030-02-12,8.9,6.1,8.4,4.5,3.5,6.7,4.0,10.2,7.1,143.3,147.2
2030-02-13,46.9,47.9,50.8,48.8,46.9,54.0,48.0,49.6,50.0,145.4,147.2
2030-02-14,4.5,6.4,5.9,3.3,4.3,4.5,6.4,2.6,5.0,141.1,147.3
2030-02-15,10.6,5.1,6.6,4.3,4.0,4.9,4.7,5.8,6.6,141.2,147.3
2030-02-16,1.1,4.4,1.4,1.2,2.2,5.0,3.4,2.8,3.0,142.5,147.4
2030-02-17,1.0,1.6,1.3,6.5,4.9,2.1,2.7,2.2,3.8,143.0,147.5
2030-02-18,4.2,6.9,5.4,10.1,8.5,8.6,7.3,5.1,6.0,146.1,147.6
2030-02-19,6.2,4.3,8.3,5.8,5.5,5.3,8.5,2.1,5.0,147.4,147.7
2030-02-20,42.3,38.3,35.9,37.2,35.4,40.0,36.6,39.0,38.7,149.5,147.7
2030-02-21,25.5,21.9,22.7,20.6,22.4,28.3,24.8,22.7,23.2,147.2,147.7
2030-02-22,3.1,4.2,4.6,3.5,5.4,2.4,2.4,5.1,4.3,150.0,147.7
2030-02-23,6.2,10.0,8.5,4.9,8.8,5.2,9.9,8.1,8.6,154.6,147.6
2030-02-24,15.6,14.0,9.8,7.8,10.4,9.4,15.5,11.9,11.9,150.7,147.5
2030-02-25,13.6,11.2,11.4,11.7,14.0,12.4,9.7,15.0,11.8,147.6,147.4
2030-02-26,8.0,7.7,2.9,9.9,8.8,8.8,7.8,7.5,8.6,151.7,147.2
2030-02-27,5.7,7.4,7.7,6.0,8.4,6.3,5.4,6.9,6.5,150.6,147.1
2030-02-28,1.6,4.8,1.3,2.3,0.3,4.0,7.6,4.1,4.3,154.4,146.9
2030-03-01,7.7,11.1,7.2,4.9,5.2,6.4,5.1,5.3,6.4,152.1,146.9
2030-03-02,13.7,13.8,8.4,10.1,10.8,12.9,14.0,17.1,11.7,155.9,146.8
2030-03-03,10.4,10.5,12.5,9.9,11.0,10.5,6.1,11.6,11.3,155.1,146.8
2030-03-04,9.0,11.9,9.4,6.8,8.8,5.2,6.9,10.6,9.3,154.8,146.8
2030-03-05,7.3,9.6,3.9,7.3,6.8,9.7,9.1,9.1,7.8,158.5,146.8
2030-03-06,10.2,6.4,9.8,5.0,4.9,8.6,4.1,8.3,7.1,155.9,146.7
2030-03-07,5.4,7.3,5.1,5.3,6.2,3.9,3.8,6.1,5.2,151.9,146.6
2030-03-08,3.3,2.5,3.1,6.5,2.4,2.4,0.0,3.2,3.3,150.0,146.6
2030-03-09,13.3,13.7,12.2,13.9,13.5,14.2,14.0,15.1,12.0,151.1,146.5
2030-03-10,42.5,40.2,44.2,44.4,46.0,45.4,46.8,44.1,42.9,146.0,146.4
2030-03-11,26.2,23.0,26.3,24.6,26.2,25.8,26.7,25.5,25.7,148.2,146.3
2030-03-12,17.3,10.0,15.8,17.8,19.2,16.9,18.8,15.8,15.4,146.6,146.2
2030-03-13,3.5,4.6,3.5,2.0,2.5,1.3,4.6,3.6,3.5,150.3,146.3
2030-03-14,8.4,8.0,10.2,10.7,6.9,6.6,11.1,6.4,9.2,142.8,146.3
2030-03-15,7.4,9.5,9.5,7.8,7.7,10.8,1.6,5.4,6.3,141.3,146.4
2030-03-16,10.0,7.7,10.8,8.3,8.6,7.8,7.3,7.3,8.3,137.3,146.5
2030-03-17,8.6,6.5,10.0,9.4,10.3,5.8,4.7,8.1,8.1,136.5,146.5
2030-03-18,14.8,11.5,7.9,9.9,10.5,6.3,11.7,8.7,9.0,139.0,146.5
2030-03-19,5.7,5.9,8.2,4.4,2.5,6.5,1.8,5.3,5.9,139.9,146.4
2030-03-20,7.6,6.4,7.3,6.4,10.0,4.0,6.0,4.3,5.2,140.4,146.4
2030-03-21,49.7,47.7,51.2,46.7,50.6,49.0,47.7,48.9,47.8,141.1,146.6
2030-03-22,5.0,5.2,4.1,3.1,3.8,1.2,6.2,2.0,4.5,142.8,146.8
2030-03-23,6.3,8.1,8.4,3.2,6.6,7.7,6.9,9.5,6.8,140.7,146.8
2030-03-24,8.5,6.1,11.8,9.1,6.7,9.9,12.6,7.7,10.2,144.0,146.8
2030-03-25,15.5,9.2,11.1,8.4,11.0,10.6,7.9,16.5,10.9,146.6,146.9
2030-03-26,9.0,9.0,11.9,13.6,12.2,7.6,10.4,6.2,10.0,148.1,146.9
2030-03-27,13.0,8.0,9.6,11.2,12.1,10.7,14.3,12.7,11.2,149.8,147.0
2030-03-28,7.3,3.6,9.4,4.4,9.5,10.1,7.1,8.1,6.0,150.5,147.2
2030-03-29,0.0,2.7,5.3,5.0,0.7,2.5,0.0,3.9,3.1,156.3,147.3
2030-03-30,7.5,13.5,13.6,10.3,12.3,10.8,11.7,8.9,11.2,154.9,147.3
2030-03-31,13.0,8.4,8.1,11.5,11.3,12.3,10.4,15.5,11.7,153.0,147.2
2030-04-01,8.7,8.8,8.7,10.3,9.5,9.2,9.8,4.7,8.3,150.1,147.2
2030-04-02,4.3,7.7,7.5,9.0,7.9,9.1,5.4,7.9,7.9,146.8,147.1
2030-04-03,2.9,6.3,1.8,6.2,2.6,4.8,7.3,6.0,5.6,143.3,147.2
2030-04-04,1.4,3.3,1.6,1.3,4.9,5.8,5.5,5.9,4.6,141.5,147.1
2030-04-05,8.8,8.3,6.7,8.0,6.2,7.2,9.0,8.6,8.9,142.4,146.9
2030-04-06,17.5,8.7,11.1,8.5,10.6,10.7,13.1,10.5,11.4,144.3,146.9
2030-04-07,10.0,9.5,7.6,9.1,9.6,10.5,11.5,9.9,10.4,145.1,146.9
2030-04-08,8.9,5.9,10.5,8.0,10.9,12.0,9.0,7.3,9.4,143.4,146.8
2030-04-09,10.8,11.6,10.2,9.7,12.0,11.9,10.2,7.6,10.9,146.9,146.7
2030-04-10,6.4,4.0,5.9,5.8,1.7,5.7,6.5,6.8,5.5,149.4,146.7
2030-04-11,8.7,4.5,11.0,9.3,6.0,6.9,8.9,9.8,8.5,148.8,146.6
2030-04-12,4.2,6.8,1.6,3.1,1.0,3.4,8.2,9.3,5.2,146.9,146.6
2030-04-13,8.4,6.7,7.5,8.9,4.8,6.8,10.8,5.8,7.9,148.8,146.5
2030-04-14,7.0,8.5,9.1,7.2,8.6,9.7,12.4,8.2,8.5,149.4,146.4
2030-04-15,10.3,13.5,9.3,7.7,10.9,12.5,11.1,10.2,10.4,144.9,146.2
2030-04-16,5.0,7.8,10.4,5.5,7.5,7.2,6.5,8.4,7.9,145.3,146.1
2030-04-17,8.1,8.1,5.3,4.0,7.8,6.2,10.9,11.0,7.3,146.6,146.0
2030-04-18,8.9,3.0,6.0,6.6,6.4,4.2,7.4,4.9,4.9,144.3,145.9
2030-04-19,4.1,0.8,5.2,3.4,4.8,4.4,4.2,3.8,3.9,145.5,145.8
2030-04-20,9.9,7.9,5.4,9.5,6.7,5.7,6.3,8.9,8.3,141.7,145.8
2030-04-21,9.5,5.4,8.9,12.0,8.8,9.4,11.8,11.3,9.7,146.8,145.7
2030-04-22,12.0,4.4,13.4,11.2,14.9,8.4,6.4,10.0,10.0,150.9,145.7
2030-04-23,3.4,5.3,6.1,3.8,3.5,5.0,3.5,3.3,4.0,149.8,145.6
2030-04-24,11.8,12.3,11.9,9.4,5.5,9.5,8.2,9.5,9.8,150.8,145.7
2030-04-25,9.7,11.0,8.9,8.4,13.4,9.1,11.0,12.9,11.0,143.3,145.8
2030-04-26,11.1,10.9,9.9,10.7,12.0,10.1,5.6,8.2,9.3,140.7,145.9
2030-04-27,10.8,8.1,12.6,9.3,9.6,11.6,9.0,9.7,9.4,141.0,146.1
2030-04-28,5.6,0.9,3.3,5.5,4.0,6.8,0.7,0.4,3.8,139.0,146.2
2030-04-29,6.7,6.8,4.7,5.9,6.6,3.5,3.7,5.5,5.1,142.7,146.3
2030-04-30,11.5,7.3,9.3,9.2,10.5,9.7,8.6,12.2,9.7,149.6,146.4
2030-05-01,7.1,7.6,5.0,6.7,9.2,8.8,9.3,9.2,8.1,146.0,146.4
2030-05-02,8.4,2.8,1.0,2.2,2.9,2.3,4.5,6.8,4.3,144.0,146.5
2030-05-03,13.8,11.7,15.0,10.0,7.5,12.8,7.1,9.2,10.7,145.4,146.6
2030-05-04,7.4,6.2,6.0,4.0,6.4,8.4,6.4,4.7,6.4,150.8,146.6
2030-05-05,1.1,2.0,4.4,4.3,2.0,0.0,4.4,1.8,3.6,146.9,146.6
2030-05-06,6.4,3.6,3.1,5.4,9.8,6.6,5.3,5.8,5.1,148.0,146.7
2030-05-07,5.9,7.1,4.3,12.8,12.4,10.1,9.6,6.3,9.4,153.6,146.7
2030-05-08,2.6,6.6,3.3,1.9,0.0,5.8,2.9,0.0,3.0,148.0,146.7
2030-05-09,6.9,6.2,8.5,9.1,7.7,10.3,8.9,10.8,8.7,144.3,146.6
2030-05-10,10.6,17.4,10.2,9.5,9.3,10.9,7.9,11.9,11.3,143.8,146.4
2030-05-11,3.2,7.3,4.3,6.3,8.2,11.6,4.9,6.7,7.0,143.0,146.4
2030-05-12,10.3,10.0,10.3,13.4,10.8,16.3,12.6,9.8,11.8,146.4,146.3
2030-05-13,8.0,7.2,10.4,5.5,6.1,7.6,10.1,11.2,8.8,147.6,146.3
2030-05-14,8.0,6.3,5.1,6.8,2.9,1.5,6.1,3.2,5.2,142.5,146.3
2030-05-15,3.7,4.1,4.4,5.8,5.5,4.3,3.0,4.1,3.9,145.0,146.3
2030-05-16,8.9,9.7,15.3,10.4,10.9,8.6,12.1,11.6,10.0,143.9,146.4
2030-05-17,9.0,7.9,9.5,10.0,8.0,7.2,9.2,5.7,7.5,148.6,146.5
2030-05-18,2.9,4.3,0.9,6.0,2.4,3.4,3.9,4.4,4.4,146.8,146.6
2030-05-19,4.7,5.3,5.3,4.5,3.9,7.6,1.2,5.0,5.4,145.3,146.7
2030-05-20,6.0,7.8,4.1,6.0,6.8,9.1,7.6,4.6,7.0,147.5,146.8
2030-05-21,10.0,12.7,8.5,10.8,10.9,10.2,16.3,10.1,10.9,150.1,146.8
2030-05-22,7.9,5.5,8.1,8.8,5.8,6.9,5.2,4.7,7.0,151.3,146.8
2030-05-23,6.7,3.5,0.0,8.2,3.0,4.1,7.9,4.4,4.6,145.9,146.8
2030-05-24,6.7,4.6,3.8,6.7,7.8,7.6,6.1,7.1,7.0,148.1,146.8
2030-05-25,103.4,108.0,107.4,111.1,107.1,105.2,107.0,106.5,107.1,145.2,146.8
2030-05-26,65.1,64.3,61.8,61.0,64.8,67.0,64.4,65.9,64.3,146.5,146.9
2030-05-27,40.6,39.1,36.9,39.0,41.0,39.6,40.1,37.6,38.6,142.7,147.0
2030-05-28,9.1,9.3,9.4,11.8,4.8,9.6,9.4,6.8,9.5,145.0,147.1
2030-05-29,12.5,9.7,10.4,14.9,13.2,12.3,11.9,10.8,11.2,143.3,147.2
2030-05-30,12.5,10.1,7.0,5.7,9.6,8.4,5.6,9.4,8.5,140.3,147.3
2030-05-31,4.9,6.5,6.3,4.2,6.7,4.4,4.5,4.3,5.4,143.8,147.4
2030-06-01,6.3,3.5,6.8,7.6,2.5,0.0,6.1,3.3,4.0,145.4,147.5
2030-06-02,8.3,8.9,9.2,12.6,10.3,12.6,11.0,9.4,10.0,144.2,147.5
2030-06-03,5.1,7.0,7.5,7.8,5.3,6.2,7.0,5.1,5.8,149.3,147.6
2030-06-04,4.8,5.5,6.6,8.4,9.6,4.4,5.9,6.4,7.1,148.0,147.5
2030-06-05,12.9,10.2,10.4,8.4,12.2,10.9,10.0,10.8,11.3,148.3,147.6
2030-06-06,13.5,9.2,9.6,13.7,11.4,12.6,12.0,11.2,11.2,149.3,147.7
2030-06-07,11.0,13.3,14.0,13.8,9.3,14.3,11.0,10.2,11.7,147.5,147.7
2030-06-08,3.1,5.1,4.5,2.9,5.1,3.7,2.3,2.0,3.4,149.2,147.8
2030-06-09,7.3,6.3,3.8,8.2,5.6,9.7,3.7,6.2,6.5,147.7,147.8
2030-06-10,3.1,2.6,3.6,8.1,4.8,2.9,0.9,1.1,4.5,146.7,147.6
2030-06-11,3.7,3.5,4.3,0.2,4.6,6.8,8.0,1.0,4.8,151.2,147.5
2030-06-12,8.2,8.1,10.1,7.4,13.2,9.9,9.6,13.0,9.8,147.8,147.5
2030-06-13,9.1,9.9,7.6,6.3,7.9,13.5,10.4,9.6,9.1,140.9,147.4
2030-06-14,6.9,10.6,6.1,5.7,7.7,12.7,12.6,7.9,8.8,147.0,147.2
2030-06-15,10.1,8.2,11.6,11.8,13.0,13.3,11.0,12.6,11.4,155.0,147.1
2030-06-16,3.9,6.4,4.3,6.2,6.1,5.4,6.9,2.2,5.3,153.0,147.1
2030-06-17,6.8,8.4,6.0,8.1,8.2,11.5,9.2,11.0,8.9,146.7,146.9
2030-06-18,9.3,7.6,9.0,10.2,11.1,8.4,5.4,5.3,8.7,146.2,146.8
2030-06-19,8.4,4.4,12.7,10.3,7.8,6.8,11.1,6.8,9.1,145.8,146.8
2030-06-20,3.4,3.9,5.7,6.7,7.8,7.5,5.5,7.5,5.5,145.8,146.9
2030-06-21,4.6,2.3,4.6,4.4,4.7,4.1,5.1,7.2,6.0,143.1,147.0
2030-06-22,10.5,3.6,4.5,5.5,8.6,6.7,5.6,8.5,7.1,145.8,147.1
2030-06-23,6.6,4.7,3.1,5.3,4.3,4.3,3.7,6.6,4.7,147.9,147.2
2030-06-24,4.7,6.2,6.8,5.1,3.1,6.2,5.1,9.4,4.2,143.7,147.3
2030-06-25,12.1,12.9,12.1,11.3,11.0,12.1,12.5,13.8,11.5,146.7,147.5
2030-06-26,11.7,10.2,10.5,8.5,14.4,10.0,13.0,11.7,11.1,153.3,147.7
2030-06-27,4.0,3.2,1.8,1.4,6.8,3.6,5.6,6.2,3.4,153.3,147.7
2030-06-28,9.0,10.7,9.9,7.5,9.5,11.0,8.9,9.2,9.8,151.7,147.8
2030-06-29,3.2,7.7,0.0,4.5,3.0,2.2,3.0,4.8,3.5,151.0,147.9
2030-06-30,7.8,6.8,8.6,8.9,8.0,5.3,7.4,7.4,6.4,152.7,148.0
2030-07-01,2.9,1.4,0.5,4.7,5.2,2.2,6.6,4.9,4.6,147.0,148.1
2030-07-02,6.3,4.3,1.4,4.5,4.9,2.5,0.7,3.8,3.6,147.9,148.1
2030-07-03,6.8,11.0,7.9,12.2,4.5,9.0,11.6,7.0,8.8,147.0,148.2
2030-07-04,9.1,8.6,8.0,9.9,6.8,9.2,10.4,9.0,9.4,153.0,148.3
2030-07-05,2.7,6.7,6.1,2.6,2.1,2.8,5.7,5.2,4.7,152.0,148.4
2030-07-06,59.9,57.7,56.5,60.1,57.2,58.7,55.2,57.2,58.3,156.6,148.5
2030-07-07,6.7,3.2,6.3,0.0,3.6,4.3,8.2,2.3,4.7,152.3,148.5
2030-07-08,5.0,5.7,2.2,2.9,3.9,0.7,2.7,6.2,3.6,153.7,148.5
2030-07-09,12.3,10.9,11.5,12.4,12.8,10.1,14.3,13.9,11.2,154.0,148.5
2030-07-10,13.2,10.2,9.8,11.2,12.0,8.3,12.8,14.4,11.8,150.8,148.5
2030-07-11,5.4,2.9,2.7,4.9,4.0,5.2,5.5,6.5,4.3,151.2,148.4
2030-07-12,6.1,8.9,7.7,8.2,10.1,10.4,11.2,9.3,8.4,154.6,148.3
2030-07-13,3.6,3.4,0.4,6.5,3.2,4.9,5.2,1.4,3.9,152.9,148.2
2030-07-14,1.8,6.8,4.3,2.5,3.4,5.9,5.6,0.8,3.7,147.4,148.1
2030-07-15,15.1,13.8,11.6,9.5,14.0,12.8,9.0,11.4,11.9,147.7,148.1
2030-07-16,15.6,9.4,7.9,7.4,12.9,11.1,12.2,9.9,9.4,145.3,148.0
2030-07-17,11.6,7.4,9.4,9.7,11.9,9.7,7.9,9.2,9.1,144.9,147.9
2030-07-18,96.0,94.7,101.0,98.6,98.8,101.0,102.2,100.4,99.4,145.4,147.9
2030-07-19,63.5,60.6,60.2,60.1,57.0,61.5,54.7,58.4,59.6,141.0,147.8
2030-07-20,3.1,1.5,2.1,6.7,5.2,1.7,2.1,0.5,3.0,137.5,147.8
2030-07-21,12.8,10.9,7.5,11.6,12.3,13.4,11.3,10.7,11.4,140.8,147.7
2030-07-22,11.4,7.4,8.9,6.3,8.8,4.5,6.5,5.0,7.4,140.6,147.7
2030-07-23,2.3,6.0,2.3,5.0,6.6,3.5,5.5,4.6,3.5,134.3,147.7
2030-07-24,9.8,11.0,13.2,8.3,7.6,7.5,11.5,11.8,9.5,139.0,147.7
2030-07-25,3.2,0.0,2.9,5.4,4.2,4.7,3.2,6.3,4.3,141.4,147.8
2030-07-26,5.4,5.9,5.1,5.8,5.7,2.9,5.5,6.3,4.8,140.5,147.7
2030-07-27,88.3,86.8,84.1,84.4,85.1,86.4,85.7,83.7,86.0,138.0,147.6
2030-07-28,4.2,2.3,0.3,6.2,11.1,10.1,4.5,6.8,6.5,142.3,147.6
2030-07-29,0.9,1.2,1.5,3.4,3.5,4.4,5.2,3.2,3.8,144.5,147.6
2030-07-30,11.5,9.2,8.7,8.4,12.7,10.7,7.6,11.3,11.4,152.4,147.5
2030-07-31,8.8,14.6,10.1,12.7,13.5,9.4,11.5,12.4,11.3,153.3,147.5
2030-08-01,9.1,9.6,6.2,10.0,7.9,9.5,10.7,10.2,8.8,154.0,147.5
2030-08-02,7.4,8.0,8.1,9.7,6.7,7.1,8.6,5.8,6.8,152.9,147.5
2030-08-03,32.3,36.0,34.6,32.6,36.0,37.9,31.7,37.1,35.0,154.9,147.4
2030-08-04,15.9,20.2,24.7,20.3,21.2,22.5,17.6,21.1,21.0,156.0,147.4
2030-08-05,4.0,7.6,1.4,3.1,2.0,1.8,6.1,3.9,3.9,158.8,147.4
2030-08-06,8.2,8.3,8.2,8.4,6.8,8.8,8.6,7.8,9.3,155.9,147.2
2030-08-07,8.6,8.8,7.2,8.0,12.6,12.6,6.2,6.5,8.3,153.7,147.0
2030-08-08,7.6,11.8,8.9,10.2,13.7,9.7,11.1,10.8,9.7,151.7,146.9
2030-08-09,1.9,5.2,1.4,5.8,1.9,2.2,0.9,1.3,3.1,153.8,146.8
2030-08-10,5.1,1.1,5.5,5.0,7.6,6.8,4.6,5.1,6.0,157.7,146.7
2030-08-11,9.8,13.3,8.7,8.9,8.0,7.3,10.9,10.7,10.3,155.2,146.7
2030-08-12,11.8,11.3,14.1,9.1,8.7,6.7,10.7,9.5,9.3,153.1,146.6
2030-08-13,11.6,8.0,11.0,10.7,10.5,8.9,12.6,14.4,10.3,153.6,146.6
2030-08-14,2.5,6.2,0.0,6.1,1.0,3.7,2.1,4.3,4.8,152.3,146.5
2030-08-15,9.0,3.6,6.6,6.3,10.5,8.2,5.0,6.4,7.4,154.8,146.5
2030-08-16,7.1,5.4,2.2,3.5,3.5,2.9,0.6,2.7,4.0,147.3,146.4
2030-08-17,6.7,3.1,3.7,4.2,8.3,3.9,6.1,2.7,3.9,145.2,146.3
2030-08-18,3.7,4.2,2.6,3.8,6.0,2.6,4.2,5.6,4.2,143.6,146.3
2030-08-19,3.9,7.8,5.7,5.2,1.5,4.8,6.3,9.1,5.6,137.6,146.2
2030-08-20,7.0,8.2,3.5,5.6,8.3,4.1,7.8,7.4,5.9,136.6,146.3
2030-08-21,8.6,7.4,6.1,11.6,9.3,8.7,7.2,8.1,8.1,135.8,146.3
2030-08-22,6.0,6.5,7.2,4.1,2.8,5.9,2.2,5.1,5.7,137.3,146.1
2030-08-23,7.0,9.0,12.0,4.1,12.6,7.5,8.7,5.2,8.0,142.6,146.0
2030-08-24,12.2,10.3,10.1,6.3,10.4,11.9,9.7,12.6,10.2,143.0,146.1
2030-08-25,9.5,6.0,10.4,7.3,7.4,7.5,7.4,2.0,7.3,140.9,146.0
2030-08-26,7.6,5.2,11.2,11.1,9.7,7.5,6.0,6.7,8.0,142.1,146.0
2030-08-27,11.3,6.0,2.7,9.5,10.4,10.7,9.5,9.8,7.4,146.4,146.0
2030-08-28,38.2,34.0,38.2,39.4,37.8,37.8,36.2,36.1,38.1,144.0,146.0
2030-08-29,11.8,11.8,8.1,8.7,6.1,9.4,11.6,5.0,8.1,142.2,146.2
2030-08-30,37.3,37.4,37.4,39.6,40.4,35.9,37.7,36.5,36.3,145.0,146.4
2030-08-31,20.5,22.3,23.2,22.2,20.0,20.9,20.9,20.1,21.8,145.1,146.5
2030-09-01,13.7,13.9,15.0,11.4,11.9,16.2,12.8,13.1,13.1,147.8,146.6
2030-09-02,3.3,5.9,6.0,5.9,3.7,1.9,7.5,5.4,3.6,148.1,146.8
2030-09-03,5.1,8.9,5.0,8.9,9.0,4.2,7.2,7.6,6.0,150.5,146.9
2030-09-04,9.9,3.2,7.6,4.7,2.2,4.5,4.7,2.6,4.7,147.3,147.0
2030-09-05,12.2,13.5,12.0,10.5,11.3,11.6,12.0,13.8,11.6,147.7,147.1
2030-09-06,12.2,8.8,10.5,12.0,13.9,14.2,15.2,11.9,11.6,147.4,147.4
2030-09-07,10.3,5.9,9.6,6.6,8.6,14.8,9.4,7.0,8.8,144.1,147.6
2030-09-08,10.2,8.3,7.4,13.5,11.5,10.0,8.6,8.7,9.3,140.3,147.7
2030-09-09,10.4,8.0,1.2,12.2,7.7,8.0,9.5,8.3,7.4,143.8,147.8
2030-09-10,7.4,5.1,3.5,6.5,8.8,4.6,4.5,8.4,5.9,143.7,147.9
2030-09-11,8.1,8.2,8.2,8.9,5.8,7.9,9.4,9.4,9.0,141.6,147.9
2030-09-12,39.9,41.2,40.6,39.4,37.2,36.3,37.6,38.7,37.5,142.6,148.0
2030-09-13,10.4,10.0,8.5,10.3,11.3,10.5,8.7,7.1,8.7,147.1,148.1
2030-09-14,5.1,5.4,7.3,7.8,4.0,5.8,7.3,5.0,6.8,140.7,148.1
2030-09-15,7.8,6.3,5.5,7.0,7.7,5.2,6.4,7.8,6.9,137.6,148.2
2030-09-16,8.0,6.2,6.4,8.6,6.8,8.8,12.8,6.7,9.5,136.7,148.2
2030-09-17,6.9,11.7,8.2,6.7,7.1,8.3,10.8,6.4,7.4,143.0,148.2
2030-09-18,10.2,8.9,11.9,8.9,10.8,9.9,13.8,10.7,11.7,144.9,148.3
2030-09-19,8.3,4.3,7.7,5.1,6.6,11.9,9.3,7.2,7.5,148.0,148.2
2030-09-20,9.6,1.4,5.6,0.2,2.8,0.5,3.8,3.4,3.2,144.9,148.1
2030-09-21,5.3,8.1,4.7,6.5,7.5,2.9,4.4,6.0,5.9,142.3,148.1
2030-09-22,13.3,14.8,11.6,11.4,10.2,12.7,11.4,11.4,12.0,144.8,148.1
2030-09-23,3.2,4.5,2.3,1.9,4.3,0.0,2.2,1.1,3.4,145.7,148.2
2030-09-24,5.6,2.3,2.1,3.1,2.0,2.4,3.4,2.4,3.2,148.0,148.3
2030-09-25,2.8,1.6,1.3,3.8,4.3,0.8,5.2,5.2,3.6,147.8,148.4
2030-09-26,13.4,12.0,12.7,15.8,10.8,9.3,8.4,14.9,11.4,148.9,148.6
2030-09-27,12.1,6.7,7.1,7.9,11.0,6.0,4.6,12.9,8.5,149.6,148.7
2030-09-28,4.2,4.5,3.2,4.5,0.5,1.9,3.8,0.0,3.6,152.0,148.9
2030-09-29,3.3,3.2,3.3,2.8,1.9,0.3,4.2,3.3,3.9,154.1,149.1
2030-09-30,3.1,5.9,5.2,4.9,1.5,7.2,3.3,5.9,5.8,148.6,149.3
2030-10-01,63.1,63.9,67.0,65.8,67.0,65.4,65.5,61.2,64.7,142.1,149.5
2030-10-02,9.6,9.8,12.7,9.2,10.7,10.7,12.5,9.9,10.2,146.3,149.6
2030-10-03,12.3,7.2,7.4,6.1,12.2,12.0,12.4,9.3,10.6,150.4,149.7
2030-10-04,9.5,10.4,13.5,14.0,12.2,11.3,13.3,10.1,10.6,147.3,149.9
2030-10-05,4.2,4.7,3.0,4.7,2.8,7.1,6.1,7.9,5.0,142.1,150.1
2030-10-06,2.2,9.3,2.3,3.1,4.2,8.1,5.9,5.0,5.5,143.6,150.2
2030-10-07,57.7,56.6,61.6,60.9,62.0,60.1,54.1,56.8,59.3,147.3,150.4
2030-10-08,8.7,7.0,6.6,5.5,9.6,8.6,8.7,6.5,7.7,153.1,150.5
2030-10-09,6.0,3.0,5.4,0.6,2.5,5.0,10.4,2.0,5.6,154.2,150.6
2030-10-10,3.6,6.5,9.6,6.5,7.5,5.4,5.0,6.2,6.1,152.4,150.7
2030-10-11,3.1,5.9,1.2,6.2,4.5,4.0,1.1,2.5,4.4,149.4,150.7
2030-10-12,9.9,7.1,8.1,5.8,7.5,4.8,7.7,8.3,7.5,149.5,150.7
2030-10-13,10.8,8.4,9.5,11.2,9.7,9.6,14.0,8.3,10.2,148.7,150.7
2030-10-14,12.1,7.7,11.3,11.4,8.9,7.5,6.0,8.7,10.0,145.8,150.6
2030-10-15,4.3,1.1,3.5,0.3,2.8,1.0,3.1,2.3,3.3,152.6,150.6
2030-10-16,1.0,2.0,1.5,0.7,5.5,2.6,0.0,2.1,3.3,157.6,150.6
2030-10-17,9.3,5.9,10.5,5.7,8.5,9.5,8.4,4.7,7.5,159.8,150.5
2030-10-18,6.2,10.4,6.4,10.0,7.2,8.3,5.3,6.8,8.0,155.6,150.6
2030-10-19,7.4,9.6,9.3,10.0,8.1,7.2,9.5,7.0,9.1,157.3,150.7
2030-10-20,8.0,5.6,5.2,6.8,5.7,2.5,3.7,8.0,5.9,158.1,150.8
2030-10-21,8.4,4.9,9.0,7.1,6.5,6.0,10.3,4.3,8.3,158.2,150.9
2030-10-22,4.2,6.1,9.0,6.9,4.1,8.9,3.1,6.4,5.8,160.7,151.1
2030-10-23,10.2,7.5,10.6,8.2,10.6,5.6,9.9,8.4,9.2,161.0,151.1
2030-10-24,6.5,4.1,6.7,5.2,4.0,5.8,5.8,5.2,4.2,161.6,151.1
2030-10-25,6.4,9.1,13.8,8.5,12.8,12.4,9.6,7.0,11.0,161.7,151.2
2030-10-26,97.3,102.6,96.7,96.8,96.4,100.8,97.9,97.2,98.4,161.0,151.4
2030-10-27,10.4,8.7,5.7,5.1,9.9,7.6,4.5,4.0,7.6,154.0,151.7
2030-10-28,0.9,0.6,0.0,0.9,1.3,2.2,6.5,2.6,3.1,153.6,151.8
2030-10-29,6.8,8.1,6.6,7.9,7.7,7.3,12.6,8.9,7.1,151.4,151.9
2030-10-30,3.4,6.3,4.0,6.5,2.8,3.4,6.3,7.6,5.6,147.3,151.9
2030-10-31,12.3,13.0,12.0,11.6,10.3,12.9,13.4,11.2,11.3,152.8,152.0
2030-11-01,4.6,8.0,4.8,5.0,5.8,4.6,3.2,5.6,4.8,157.5,152.1
2030-11-02,7.9,11.6,9.5,6.7,9.4,8.6,10.6,6.9,7.9,160.5,152.1
2030-11-03,7.3,6.8,7.1,5.2,8.1,7.8,9.5,6.9,7.0,159.6,152.1
2030-11-04,3.4,5.8,2.7,6.4,6.4,6.8,5.0,3.3,4.2,162.2,152.1
2030-11-05,12.0,12.5,10.6,14.4,12.9,10.0,15.5,12.0,11.8,160.4,152.1
2030-11-06,102.0,102.5,107.1,107.8,106.2,106.8,106.6,105.3,104.2,159.4,152.1
2030-11-07,4.6,5.1,5.5,2.5,5.5,6.9,3.6,3.4,4.0,154.7,152.0
2030-11-08,9.8,7.5,6.2,11.1,7.9,8.9,7.6,11.4,8.8,155.2,152.0
2030-11-09,12.2,10.0,8.2,9.8,11.7,10.9,10.7,10.9,10.5,154.6,151.9
2030-11-10,12.7,11.1,12.1,9.2,16.3,10.6,11.6,12.3,11.2,150.0,151.9
2030-11-11,9.5,10.3,10.3,8.5,11.2,7.0,13.8,11.9,10.3,149.8,151.9
2030-11-12,6.5,1.8,3.7,8.0,13.6,7.7,7.3,6.3,5.3,149.6,152.0
2030-11-13,2.2,5.9,1.7,1.5,1.4,5.9,3.8,4.1,3.9,155.0,151.9
2030-11-14,4.2,2.0,2.9,3.0,1.4,3.2,2.0,5.4,4.2,156.9,151.8
2030-11-15,4.8,0.9,2.9,7.2,1.5,4.3,3.7,5.7,3.5,155.9,151.7
2030-11-16,5.7,4.2,5.2,5.3,4.9,2.5,7.6,7.2,5.1,155.7,151.7
2030-11-17,8.0,9.5,9.6,7.8,6.3,8.7,9.4,7.2,10.1,155.0,151.6
2030-11-18,11.0,13.0,12.3,10.4,7.0,12.1,10.9,11.5,10.7,153.6,151.4
2030-11-19,10.0,4.4,0.3,4.0,7.1,6.1,3.6,3.2,6.1,149.8,151.3
2030-11-20,5.9,4.1,7.7,5.8,5.4,5.1,7.1,6.7,6.6,149.3,151.2
2030-11-21,8.2,8.1,7.6,5.7,6.3,7.0,11.9,5.1,7.8,147.1,151.1
2030-11-22,10.1,11.1,10.3,13.1,10.3,10.4,12.5,14.5,10.9,143.8,151.0
2030-11-23,13.2,10.1,10.3,10.5,10.7,8.7,12.3,10.8,10.4,146.2,151.0
2030-11-24,7.9,5.5,8.1,4.2,6.9,6.9,8.6,11.8,8.0,147.9,151.0
2030-11-25,6.4,8.1,6.5,7.5,8.9,3.8,3.6,6.6,5.2,142.8,150.8
2030-11-26,8.1,8.5,7.6,6.9,11.3,5.9,9.4,9.1,8.1,143.5,150.6
2030-11-27,2.7,4.2,4.6,7.0,5.2,5.7,3.0,10.6,5.9,147.4,150.4
2030-11-28,77.8,78.7,76.6,76.4,81.5,73.9,78.3,75.3,77.7,151.0,150.3
2030-11-29,45.8,45.3,44.6,46.7,41.5,46.0,46.4,43.9,46.6,153.9,150.2
2030-11-30,31.0,26.8,27.5,26.8,27.8,30.6,32.9,29.5,28.0,153.3,150.1
2030-12-01,6.9,8.1,5.2,7.8,6.3,5.0,5.4,1.0,4.7,150.3,150.1
2030-12-02,100.9,97.2,97.1,100.7,98.1,100.3,100.6,100.7,100.3,146.9,150.0
2030-12-03,58.4,62.0,60.0,61.1,57.8,59.8,62.4,62.1,60.2,148.4,150.0
2030-12-04,34.5,35.0,34.1,34.8,33.3,35.8,37.4,34.5,36.1,149.7,150.0
2030-12-05,8.9,8.7,11.2,7.9,8.0,7.4,6.8,10.2,9.1,153.6,149.9
2030-12-06,5.7,6.1,8.5,8.6,2.7,7.2,6.4,5.0,6.0,156.3,149.9
2030-12-07,9.9,5.8,12.2,10.3,7.5,8.1,5.8,8.6,9.2,154.9,150.0
2030-12-08,2.0,0.4,4.6,5.6,3.0,2.4,3.9,3.0,3.0,150.4,150.2
2030-12-09,107.1,108.0,108.7,109.8,109.3,109.7,106.2,110.6,109.3,149.3,150.3
2030-12-10,65.6,70.7,64.8,66.2,71.2,65.9,65.4,63.6,65.6,150.0,150.5
2030-12-11,14.5,9.1,12.3,10.5,11.1,8.6,14.1,10.9,11.4,149.4,150.5
2030-12-12,0.8,5.7,2.2,3.9,4.9,4.1,0.0,4.6,3.2,147.7,150.5
2030-12-13,6.9,6.4,6.8,3.8,7.4,4.3,6.5,7.4,7.1,148.7,150.5
2030-12-14,5.2,1.4,6.0,5.0,2.2,0.8,0.2,3.6,3.1,147.3,150.5
2030-12-15,8.3,12.2,8.4,8.0,10.2,8.4,9.8,11.7,9.8,145.8,150.4
2030-12-16,8.8,8.8,9.0,5.2,9.4,8.9,10.4,9.8,8.6,147.3,150.3
2030-12-17,5.4,7.9,5.2,6.3,5.2,6.7,5.0,9.1,5.8,146.4,150.3
2030-12-18,11.0,8.7,10.0,3.9,4.1,6.3,7.0,6.6,7.0,147.6,150.3
2030-12-19,4.7,10.3,12.3,10.5,10.1,8.4,6.3,8.1,8.0,148.7,150.2
2030-12-20,12.2,7.3,7.1,10.2,10.3,6.3,7.5,7.0,8.0,145.5,150.2
2030-12-21,10.6,12.6,8.8,12.6,10.6,15.1,11.1,10.2,10.4,144.6,150.1
2030-12-22,12.5,10.7,7.8,10.9,10.9,8.2,11.2,7.3,11.4,149.7,150.1
2030-12-23,6.3,7.5,7.2,6.2,6.8,5.4,7.0,7.1,7.0,146.2,150.0
2030-12-24,8.7,11.1,11.1,10.2,15.4,10.3,10.0,9.7,10.5,140.3,149.9
2030-12-25,7.4,10.7,7.9,8.2,8.2,7.3,5.8,8.4,9.3,136.1,149.7
2030-12-26,10.8,9.5,12.2,10.6,10.1,12.9,8.9,9.2,9.1,138.2,149.6
2030-12-27,4.9,8.0,4.9,3.6,6.1,3.2,5.9,5.7,4.9,140.0,149.5
2030-12-28,7.9,9.4,5.3,8.6,7.4,14.0,8.6,7.1,8.3,141.1,149.3
2030-12-29,76.0,81.4,78.1,77.2,79.5,80.1,80.1,78.8,78.8,146.0,149.2
2030-12-30,47.6,47.7,48.0,48.1,49.5,47.4,45.6,47.0,47.3,138.5,149.1
2030-12-31,29.9,24.8,24.8,30.2,31.4,25.8,28.6,27.6,28.4,141.3,149.0
2031-01-01,9.8,11.0,7.8,8.1,9.7,10.1,8.1,11.9,10.3,147.2,149.0
2031-01-02,9.0,9.0,10.4,9.6,11.5,8.0,7.0,9.2,9.8,144.2,149.0
2031-01-03,10.8,8.2,7.9,11.1,9.2,7.8,12.6,9.4,10.7,143.8,149.0
2031-01-04,10.4,8.2,8.7,7.7,2.8,5.9,7.9,8.9,8.1,142.4,148.9
2031-01-05,78.0,81.5,79.3,82.1,81.6,83.1,83.7,82.5,81.6,140.8,148.8
2031-01-06,50.7,48.3,54.6,46.5,47.9,50.8,50.5,49.9,49.0,141.1,148.7
2031-01-07,30.7,25.2,32.6,29.0,31.9,25.3,29.9,28.2,29.4,146.6,148.6
2031-01-08,9.2,8.7,8.8,6.0,8.0,7.7,9.1,10.1,8.1,152.5,148.5
2031-01-09,10.6,7.7,10.5,15.5,13.6,4.3,10.4,12.2,10.3,151.0,148.4
2031-01-10,5.1,4.6,5.0,6.6,3.2,7.9,5.4,3.6,5.5,156.5,148.2
2031-01-11,11.6,6.3,8.3,8.2,13.7,8.0,5.1,8.2,9.4,155.5,148.2
2031-01-12,12.7,13.3,16.3,14.6,12.1,10.0,15.0,11.0,11.7,159.9,148.2
2031-01-13,8.5,9.0,7.3,8.9,9.3,11.3,9.0,7.3,9.8,158.0,148.1
2031-01-14,1.3,5.0,4.7,3.4,3.6,5.3,7.3,3.0,4.5,157.1,147.9
2031-01-15,10.1,11.8,8.3,9.9,9.8,7.3,10.2,10.0,9.9,157.0,147.8
2031-01-16,11.9,8.4,10.8,13.6,15.0,13.4,8.5,11.7,10.8,165.4,147.6
2031-01-17,5.5,7.0,4.9,3.0,5.7,7.9,7.0,7.2,6.4,165.5,147.5
2031-01-18,7.3,7.7,7.9,6.3,7.1,10.4,7.2,7.0,6.9,161.0,147.4
2031-01-19,4.6,3.9,3.5,4.8,3.4,4.1,2.8,4.6,4.4,162.1,147.2
2031-01-20,8.5,6.9,3.3,8.5,7.6,5.4,8.9,4.6,7.4,159.1,147.0
2031-01-21,70.0,67.8,63.3,68.2,67.1,66.8,66.4,67.6,67.9,156.1,146.8
2031-01-22,39.8,37.0,43.3,40.2,39.3,38.5,42.3,38.1,40.7,157.8,146.7
2031-01-23,24.7,23.3,23.4,22.2,23.2,24.5,24.9,22.9,24.4,156.6,146.5
2031-01-24,9.2,11.1,6.0,9.3,7.4,7.2,9.9,8.3,9.3,156.3,146.4
2031-01-25,2.6,7.7,6.9,1.2,2.1,6.2,4.5,8.1,5.1,155.3,146.4
2031-01-26,5.6,5.0,2.3,5.4,1.8,7.0,5.2,2.7,4.4,155.4,146.3
2031-01-27,12.6,15.5,10.6,12.1,10.1,11.2,8.0,11.0,11.0,155.7,146.3
2031-01-28,11.1,14.6,7.4,10.4,13.5,10.5,10.6,9.3,11.0,148.9,146.2
2031-01-29,4.1,2.3,4.7,4.0,6.2,4.4,5.0,5.1,6.0,151.0,146.1
2031-01-30,7.2,6.3,5.2,7.5,9.5,7.6,6.1,7.1,7.3,147.7,146.0
2031-01-31,0.0,3.8,3.2,2.2,2.5,3.2,6.0,6.2,4.0,143.6,146.0
2031-02-01,8.9,9.7,9.8,12.4,11.1,11.0,11.8,9.6,10.8,144.3,145.9
2031-02-02,8.8,6.1,4.4,5.6,8.6,5.2,8.0,4.8,6.1,145.2,146.0
2031-02-03,4.1,7.0,3.9,7.3,6.3,3.9,5.5,4.5,5.6,143.7,146.1
2031-02-04,8.2,11.3,6.7,8.6,7.5,7.5,7.2,5.8,7.5,147.0,146.3
2031-02-05,9.3,8.0,6.8,10.6,8.8,8.1,11.3,4.9,8.6,143.3,146.4
2031-02-06,11.9,7.6,9.8,8.2,7.6,12.0,13.1,9.0,9.4,142.9,146.5
2031-02-07,11.8,11.3,14.6,6.9,11.9,9.7,6.4,10.4,11.1,142.1,146.6
2031-02-08,15.5,10.4,13.3,14.2,11.7,12.0,8.3,10.3,11.8,143.0,146.6
2031-02-09,12.6,10.9,11.5,11.0,15.1,9.9,14.0,11.0,10.7,144.7,146.7
2031-02-10,13.9,8.1,10.9,9.7,10.8,13.0,11.3,13.0,10.5,142.3,146.7
2031-02-11,8.5,8.2,9.9,9.8,9.5,7.9,12.3,9.1,9.9,145.5,146.7
2031-02-12,8.6,5.8,7.1,6.9,4.1,6.5,9.6,6.3,5.8,146.2,146.7
2031-02-13,7.7,7.3,6.5,6.3,7.0,7.4,3.2,6.4,5.9,140.9,146.8
2031-02-14,10.0,9.6,13.0,8.9,7.6,12.0,7.5,6.5,10.4,136.2,146.9
2031-02-15,11.5,10.0,10.7,8.8,6.9,7.3,9.2,7.2,9.7,138.1,147.1
2031-02-16,10.5,9.0,10.3,10.2,10.7,10.9,9.2,10.3,9.9,139.0,147.3
2031-02-17,7.1,1.8,7.9,6.9,7.7,4.0,6.0,4.4,6.6,140.2,147.4
2031-02-18,12.7,8.4,9.4,12.3,10.0,9.4,13.0,13.1,11.2,141.4,147.4
2031-02-19,8.0,8.2,6.1,6.1,5.2,6.8,5.5,5.6,6.5,143.2,147.4
2031-02-20,11.2,12.4,10.8,13.6,8.6,6.3,11.4,8.5,10.0,146.9,147.3
2031-02-21,9.7,6.7,8.4,7.2,9.4,9.4,10.4,12.7,10.2,143.8,147.2
2031-02-22,11.6,7.0,11.5,10.5,10.1,10.2,10.7,8.9,10.3,141.1,147.0
2031-02-23,3.0,5.8,2.0,1.3,3.3,1.1,0.0,2.7,3.4,138.9,146.9
2031-02-24,13.7,10.7,11.2,6.6,11.7,11.0,9.5,11.2,10.8,141.3,146.8
2031-02-25,11.9,9.4,12.2,14.0,11.1,9.8,11.2,13.3,11.6,146.1,146.8
2031-02-26,3.1,6.7,4.2,6.1,4.5,4.4,8.6,2.8,5.6,145.2,146.6
2031-02-27,8.5,11.0,8.9,4.8,4.9,6.0,7.8,8.0,7.5,138.2,146.4
2031-02-28,8.9,9.7,9.8,11.1,15.4,9.6,9.5,9.2,11.4,134.7,146.3
2031-03-01,42.7,41.4,39.7,40.7,39.9,42.0,46.8,42.6,41.5,134.3,146.1
2031-03-02,4.6,3.5,2.1,6.3,6.1,3.9,7.2,4.8,4.8,134.8,146.0
2031-03-03,10.5,9.5,8.6,7.0,8.6,10.6,7.9,9.8,8.9,135.6,146.0
2031-03-04,6.4,10.1,9.2,6.1,8.1,10.4,6.0,6.4,8.5,137.7,146.0
2031-03-05,8.3,12.7,7.1,9.4,8.9,7.2,8.7,7.5,8.4,138.4,146.0
2031-03-06,5.6,3.0,6.2,8.1,6.4,8.5,7.5,6.2,6.3,143.1,146.0
2031-03-07,4.6,4.9,2.9,5.4,6.2,9.3,6.9,4.2,5.9,141.9,146.0
2031-03-08,5.7,8.2,10.2,8.2,9.7,8.2,10.0,5.4,8.6,140.3,145.9
2031-03-09,10.3,4.8,8.6,6.5,6.8,6.6,7.6,8.0,7.1,142.9,145.9
2031-03-10,11.1,11.8,9.7,12.4,9.2,11.2,9.9,7.9,9.0,139.2,146.0
2031-03-11,11.3,12.0,10.9,11.8,12.7,10.9,5.1,14.3,11.0,141.7,146.1
2031-03-12,8.2,7.1,6.5,8.1,7.7,7.3,7.4,9.8,8.8,143.1,146.2
2031-03-13,8.0,5.6,6.2,3.2,4.2,4.8,2.6,3.1,4.0,143.4,146.3
2031-03-14,10.1,10.6,8.5,6.0,7.8,5.5,8.5,8.9,8.4,148.9,146.5
2031-03-15,7.8,8.8,9.1,8.8,5.9,7.8,9.1,11.5,8.3,147.0,146.7
2031-03-16,9.9,11.5,12.2,10.0,12.7,12.8,13.2,11.3,10.4,153.4,146.8
2031-03-17,15.0,9.0,14.5,11.8,12.9,9.6,11.9,13.1,10.2,152.0,146.9
2031-03-18,3.3,5.2,1.2,5.1,3.9,5.1,11.3,8.9,5.5,147.6,146.9
2031-03-19,41.2,45.2,45.7,43.4,44.5,44.7,41.4,42.1,44.1,147.9,147.0
2031-03-20,10.1,10.0,8.4,8.2,9.6,11.6,9.6,13.0,9.8,144.8,146.9
2031-03-21,5.1,6.9,5.8,7.7,4.9,10.4,3.1,9.9,6.5,143.0,146.8
2031-03-22,10.9,11.8,13.4,12.4,9.3,11.9,14.5,9.0,10.7,145.0,146.7
2031-03-23,9.1,5.7,4.0,3.1,4.4,1.0,4.1,4.4,4.9,147.2,146.7
2031-03-24,2.7,6.3,4.4,3.6,4.2,5.5,5.0,3.4,4.8,145.5,146.5
2031-03-25,4.0,3.6,1.5,3.2,4.9,4.9,3.3,5.1,3.7,148.8,146.4
2031-03-26,4.8,4.9,6.3,9.7,7.1,6.2,9.8,6.2,6.8,152.2,146.4
2031-03-27,8.0,2.5,1.5,3.2,3.0,1.9,8.7,4.2,3.5,155.9,146.5
2031-03-28,12.1,10.3,10.0,13.2,7.8,8.9,10.7,13.9,11.2,156.4,146.6
2031-03-29,8.4,9.9,9.2,11.7,5.9,10.6,8.7,11.0,9.1,159.2,146.8
2031-03-30,5.1,6.8,6.6,4.8,4.2,5.6,7.0,5.3,6.8,151.9,146.9
2031-03-31,3.5,0.4,3.4,6.2,5.6,4.0,4.6,2.5,4.2,150.4,147.0
2031-04-01,11.4,12.3,8.5,13.4,6.8,5.7,6.8,7.7,8.2,147.5,147.2
2031-04-02,13.1,7.9,6.8,6.7,10.8,10.5,7.5,4.7,8.5,147.9,147.2
2031-04-03,3.9,9.6,7.5,6.2,9.9,10.0,6.0,6.1,6.1,146.2,147.3
2031-04-04,9.7,10.3,7.9,7.9,7.5,13.1,7.8,14.8,10.9,146.0,147.4
2031-04-05,6.7,11.6,7.4,5.0,10.7,10.9,6.3,7.5,8.1,151.9,147.4
2031-04-06,1.7,3.2,3.7,2.8,0.0,2.3,4.9,3.1,3.5,150.9,147.5
2031-04-07,3.9,2.7,3.3,7.4,2.3,6.0,4.6,5.0,4.5,151.7,147.4
2031-04-08,5.9,6.7,7.4,6.3,8.0,8.3,11.7,7.9,7.4,150.4,147.4
2031-04-09,0.0,6.2,3.4,7.9,6.8,2.8,5.3,2.7,3.9,150.3,147.5
2031-04-10,11.6,12.9,13.8,13.4,11.7,16.5,10.8,8.4,11.6,149.9,147.7
2031-04-11,3.6,9.4,6.3,6.8,5.3,5.5,4.9,7.4,6.4,151.0,147.8
2031-04-12,77.8,78.9,78.7,77.2,75.1,74.9,84.1,81.0,78.0,154.0,147.9
2031-04-13,49.5,45.5,46.8,45.2,44.2,45.6,49.5,48.5,46.8,158.0,148.1
2031-04-14,26.1,27.5,29.6,26.9,28.2,28.9,28.9,28.6,28.1,157.4,148.2
2031-04-15,6.6,6.8,5.6,4.8,7.7,9.5,5.1,8.4,7.9,157.8,148.2
2031-04-16,8.4,3.1,6.3,10.1,7.9,3.1,8.1,5.3,6.8,152.8,148.3
2031-04-17,4.8,2.0,3.3,2.4,3.4,2.3,3.0,1.1,3.4,151.8,148.3
2031-04-18,101.6,101.0,97.4,102.7,100.3,101.0,102.2,101.3,100.7,154.0,148.3
2031-04-19,10.5,7.6,10.2,8.4,9.2,9.0,10.6,9.6,8.2,155.7,148.3
2031-04-20,2.7,2.3,3.4,2.0,1.4,0.0,0.4,7.5,3.5,155.1,148.4
2031-04-21,4.7,9.8,6.8,5.9,3.0,6.0,9.8,9.1,6.0,156.7,148.4
2031-04-22,7.5,4.7,5.0,5.2,9.5,10.2,7.3,6.3,7.0,156.8,148.4
2031-04-23,13.9,8.9,10.9,11.7,9.1,9.5,9.4,13.6,10.8,159.0,148.4
2031-04-24,15.8,12.2,11.4,10.7,11.9,10.8,11.7,12.8,11.9,158.2,148.4
2031-04-25,9.9,10.3,10.3,10.0,9.8,12.2,7.1,13.8,10.7,155.5,148.4
2031-04-26,9.8,10.8,11.0,8.2,7.7,7.5,9.1,11.0,9.6,155.4,148.3
2031-04-27,10.2,12.6,6.7,10.6,13.7,11.1,9.8,10.1,11.4,145.4,148.2
2031-04-28,2.7,6.7,10.9,7.6,7.8,4.1,5.5,11.1,8.7,146.9,148.2
2031-04-29,11.9,8.1,9.4,10.6,8.3,6.7,10.3,11.8,10.7,136.0,148.1
2031-04-30,11.6,12.1,7.3,10.5,9.8,10.2,10.0,9.1,10.4,132.6,148.1
2031-05-01,5.6,14.0,12.3,8.7,12.6,10.8,10.8,10.1,11.7,136.2,148.2
2031-05-02,10.5,7.8,7.2,11.7,9.0,9.1,10.8,8.1,9.4,139.3,148.4
2031-05-03,10.5,12.0,8.3,11.9,9.9,13.1,12.5,12.3,11.4,137.0,148.5
2031-05-04,4.9,8.0,5.8,8.1,3.5,5.1,10.5,8.9,8.2,136.5,148.6
2031-05-05,3.8,2.7,2.3,4.9,3.8,7.6,4.1,4.6,4.5,142.2,148.7
2031-05-06,2.5,4.6,5.6,4.5,4.3,5.9,8.3,5.6,5.3,141.5,148.8
2031-05-07,12.5,11.4,12.3,8.9,9.7,9.8,11.3,11.7,10.2,149.1,148.8
2031-05-08,5.2,6.7,3.8,6.7,6.9,6.3,5.2,6.3,4.9,148.9,148.7
2031-05-09,8.9,11.1,11.3,8.0,11.7,8.2,9.9,10.8,10.7,149.9,148.7
2031-05-10,2.3,4.0,3.9,2.2,4.9,2.3,8.4,3.6,3.8,154.3,148.7
2031-05-11,2.9,3.3,7.5,4.4,2.5,7.0,4.4,6.6,5.3,153.7,148.7
2031-05-12,7.7,6.3,10.6,2.3,4.2,5.3,10.3,9.4,5.8,149.7,148.7
2031-05-13,6.3,2.2,2.4,2.1,2.2,6.7,3.3,3.5,3.8,149.0,148.8
2031-05-14,8.6,3.7,7.2,4.9,6.5,5.9,5.8,7.5,7.1,148.6,148.8
2031-05-15,7.6,6.7,7.9,5.4,8.5,6.8,6.2,5.6,7.2,144.3,148.9
2031-05-16,4.9,9.1,5.2,3.1,7.2,4.4,5.9,4.1,5.4,144.0,148.9
2031-05-17,13.9,10.2,14.1,9.3,10.8,14.2,11.7,15.9,11.4,142.2,148.9
2031-05-18,11.4,12.4,15.7,8.9,8.6,10.3,13.5,8.7,11.9,145.7,148.9
2031-05-19,5.0,4.8,7.8,5.9,4.5,6.5,4.9,2.9,3.8,146.0,148.9
2031-05-20,1.2,2.4,3.4,3.9,0.0,3.1,3.6,4.6,3.5,145.3,148.8
2031-05-21,10.9,8.0,5.8,4.0,9.0,5.9,9.3,10.4,7.6,145.3,148.8
2031-05-22,5.9,10.1,11.5,11.0,4.8,7.3,6.4,10.0,9.0,146.2,148.8
2031-05-23,12.3,6.1,10.9,13.1,11.8,11.8,10.7,9.3,11.5,148.2,148.7
2031-05-24,9.1,9.2,10.4,10.5,9.3,11.3,8.4,6.2,9.1,145.0,148.5
2031-05-25,11.1,10.4,11.1,7.6,13.7,11.6,9.6,8.3,10.1,142.2,148.3
2031-05-26,11.5,7.1,13.9,8.1,12.8,9.0,12.5,7.9,9.3,146.2,148.0
2031-05-27,9.9,11.4,11.1,12.0,8.8,10.0,12.3,8.4,9.8,145.1,147.9
2031-05-28,4.9,3.3,4.2,3.9,2.2,3.2,4.1,3.6,3.8,141.1,147.7
2031-05-29,14.5,13.4,12.0,9.9,9.7,15.3,9.4,11.6,11.4,143.3,147.6
2031-05-30,8.4,7.1,5.7,6.2,6.6,6.3,10.4,7.7,7.7,145.2,147.4
2031-05-31,10.6,11.9,13.0,11.0,13.4,9.1,14.0,11.6,11.6,140.9,147.3
2031-06-01,6.0,4.8,3.7,2.8,4.6,7.3,4.2,3.0,6.1,142.4,147.2
2031-06-02,3.2,4.2,4.3,4.7,7.1,7.5,9.0,1.7,5.0,145.3,147.1
2031-06-03,1.5,4.6,2.3,4.9,3.6,6.4,5.3,5.3,3.2,146.6,146.9
2031-06-04,7.2,7.9,7.5,5.0,11.0,9.6,7.4,10.7,8.1,148.5,146.7
2031-06-05,7.6,5.2,10.9,6.3,8.4,9.3,9.6,10.5,8.8,144.0,146.4
2031-06-06,7.9,7.8,5.2,7.3,3.7,9.9,3.9,6.0,6.7,145.4,146.2
2031-06-07,0.5,1.7,3.2,2.1,5.4,3.6,2.2,2.9,3.1,144.7,146.1
2031-06-08,8.3,7.6,3.5,4.5,6.8,6.5,3.7,7.3,5.8,143.5,146.0
2031-06-09,1.4,5.8,4.2,0.9,2.1,2.1,3.5,2.8,3.2,146.6,146.2
2031-06-10,6.7,6.2,10.1,9.6,9.2,9.5,7.8,9.4,9.0,151.0,146.3
2031-06-11,16.5,13.8,10.8,10.4,5.7,13.6,13.0,10.3,11.4,155.7,146.4
2031-06-12,5.2,5.8,9.0,7.9,9.5,8.3,10.0,8.8,8.1,158.3,146.5
2031-06-13,9.7,3.9,5.6,7.3,10.2,11.8,7.7,6.9,8.1,156.2,146.6
2031-06-14,3.0,8.6,5.8,12.8,5.4,11.1,8.4,4.8,6.9,155.8,146.7
2031-06-15,7.3,8.4,6.4,8.5,8.5,8.0,6.8,4.5,6.9,156.7,146.8
2031-06-16,9.0,9.5,5.4,9.5,9.0,6.6,8.5,8.5,9.2,155.5,146.9
2031-06-17,13.8,10.4,12.0,9.7,6.2,11.3,8.6,9.2,9.9,154.5,146.9
2031-06-18,5.7,8.0,10.0,9.7,11.0,11.3,3.8,5.5,7.8,155.8,146.9
2031-06-19,84.2,89.1,86.4,86.9,87.4,88.6,84.9,85.3,87.8,154.2,146.8
2031-06-20,52.7,55.1,52.7,51.1,48.4,54.6,51.2,50.4,52.7,150.8,146.8
2031-06-21,2.0,2.6,3.5,5.0,3.0,5.8,4.9,9.9,5.4,148.9,146.7
2031-06-22,8.0,11.7,11.8,9.4,11.6,13.0,11.6,14.2,11.4,150.4,146.7
2031-06-23,2.9,5.6,10.2,9.1,8.4,9.7,3.5,8.9,7.3,149.8,146.7
2031-06-24,8.9,5.4,12.0,7.1,2.3,7.5,5.3,9.1,6.7,150.3,146.6
2031-06-25,6.7,4.4,8.6,7.5,4.0,5.3,6.6,4.9,5.6,151.7,146.6
2031-06-26,8.5,9.2,7.0,4.7,9.6,5.2,7.2,5.6,9.2,149.7,146.6
2031-06-27,49.3,53.5,52.2,52.1,50.0,51.3,53.4,52.5,52.6,151.4,146.6
2031-06-28,33.2,33.5,31.1,27.9,30.1,31.4,30.0,29.5,31.6,151.8,146.6
2031-06-29,19.1,23.8,18.0,18.9,16.3,21.4,20.7,20.6,18.9,147.2,146.5
2031-06-30,11.5,7.9,8.2,12.2,10.0,4.3,9.7,7.6,8.8,151.4,146.5
2031-07-01,10.3,9.3,5.0,9.0,8.9,9.2,9.6,11.5,8.5,149.1,146.4
2031-07-02,8.4,7.6,9.9,12.1,9.4,8.0,8.4,8.1,7.6,143.6,146.4
2031-07-03,9.4,13.7,7.9,11.7,9.1,6.4,9.0,8.3,9.3,140.8,146.4
2031-07-04,6.7,5.7,3.5,8.5,7.7,8.7,6.0,5.5,5.5,138.5,146.4
2031-07-05,6.9,4.3,5.8,5.1,2.6,5.8,4.6,5.0,5.5,139.8,146.5
2031-07-06,7.2,9.1,4.8,5.8,5.0,4.9,5.3,6.1,6.5,139.9,146.6
2031-07-07,6.2,5.6,2.9,7.6,6.9,3.2,7.4,5.6,5.0,139.8,146.6
2031-07-08,6.6,7.7,6.9,8.0,7.3,6.3,2.9,8.0,6.9,142.5,146.7
2031-07-09,3.0,5.3,4.7,3.0,5.8,4.1,4.1,3.5,3.7,144.0,146.8
2031-07-10,6.6,1.8,2.6,0.8,4.7,2.1,2.3,2.2,3.3,145.3,146.9
2031-07-11,6.2,3.6,1.6,7.0,1.9,7.8,9.2,5.8,6.1,146.6,147.0
2031-07-12,8.5,5.9,9.1,5.0,1.2,5.8,9.3,7.0,5.9,148.3,147.1
2031-07-13,4.3,6.0,7.3,5.1,10.6,4.3,7.3,6.8,5.3,141.6,147.1
2031-07-14,5.8,6.4,9.2,7.5,7.9,3.9,8.5,7.8,7.2,141.1,147.2
2031-07-15,4.7,5.6,4.0,3.6,4.3,3.9,9.2,6.7,4.8,135.2,147.1
2031-07-16,2.1,8.2,3.2,4.1,5.9,0.1,3.6,2.9,4.1,136.9,147.1
2031-07-17,7.1,7.5,6.6,6.5,8.8,7.3,6.8,7.0,6.7,138.2,147.2
2031-07-18,109.9,106.6,105.2,102.4,103.4,105.3,106.0,105.1,106.2,142.4,147.2
2031-07-19,64.4,62.6,61.9,65.0,66.5,61.5,64.2,59.9,63.7,146.4,147.3
2031-07-20,35.3,37.1,40.5,36.7,36.6,38.3,38.3,36.7,38.2,146.9,147.3
2031-07-21,91.4,86.9,87.6,86.6,88.3,89.9,90.7,85.9,87.4,145.2,147.2
2031-07-22,54.6,53.5,54.4,52.3,52.1,54.3,54.3,55.6,52.4,146.7,146.9
2031-07-23,31.9,31.2,26.5,28.2,30.7,29.3,33.1,28.8,31.5,144.9,146.7
2031-07-24,8.4,8.5,11.8,8.2,10.3,9.8,11.2,11.1,9.4,145.0,146.5
2031-07-25,11.7,8.4,11.3,11.7,12.3,10.3,14.1,11.8,11.8,148.0,146.3
2031-07-26,107.1,108.0,112.8,110.3,111.0,106.9,107.6,107.6,109.0,145.9,146.2
2031-07-27,65.7,65.0,64.4,64.6,63.8,65.0,67.6,62.3,65.4,148.2,146.2
2031-07-28,12.1,14.1,11.0,10.3,13.2,9.4,11.3,9.3,11.4,149.8,146.1
2031-07-29,0.5,4.0,1.8,4.3,6.5,8.0,4.5,6.3,4.3,146.3,146.1
2031-07-30,8.4,6.9,3.8,10.9,5.5,10.4,8.7,5.7,7.6,149.0,146.0
2031-07-31,11.9,15.6,14.4,10.3,9.9,11.5,11.0,13.7,11.3,150.5,146.0
2031-08-01,7.3,2.4,6.7,5.4,5.9,6.3,8.2,7.8,5.8,150.0,146.0
2031-08-02,2.7,4.1,3.3,0.8,4.0,7.9,0.8,4.2,4.2,147.0,146.0
2031-08-03,4.2,4.9,2.4,1.4,1.5,7.0,2.3,3.3,4.3,144.1,146.0
2031-08-04,13.6,7.9,10.0,11.5,11.4,6.7,7.9,9.9,9.3,142.7,145.9
2031-08-05,10.2,4.8,5.4,7.2,7.6,7.7,4.7,5.3,6.4,144.6,145.7
2031-08-06,10.7,12.8,9.8,10.3,8.3,14.0,10.6,12.5,10.3,141.8,145.6
2031-08-07,8.0,8.1,4.9,3.6,10.4,8.1,8.3,5.4,7.9,143.6,145.5
2031-08-08,5.8,9.7,11.1,6.4,8.9,8.0,7.4,11.3,7.6,140.1,145.3
2031-08-09,9.9,13.3,11.6,10.8,13.5,11.4,10.6,13.5,10.8,140.2,145.2
2031-08-10,9.1,9.0,0.0,7.4,7.0,6.5,7.8,7.1,6.6,141.2,145.1
2031-08-11,9.0,7.1,10.7,9.2,8.8,8.7,10.0,9.7,7.7,149.1,145.1
2031-08-12,8.7,10.9,9.3,12.8,11.1,7.7,13.6,4.7,8.9,144.3,145.0
2031-08-13,6.2,3.6,8.7,5.5,3.4,4.4,3.5,4.3,5.0,148.8,145.1
2031-08-14,5.5,4.6,6.7,6.9,4.1,2.8,6.7,7.2,6.1,148.6,145.2
2031-08-15,6.3,6.0,8.0,6.9,10.2,11.1,1.3,0.5,4.9,149.3,145.4
2031-08-16,7.8,8.8,7.7,9.2,7.3,6.4,6.7,7.4,7.8,148.9,145.5
2031-08-17,5.9,3.3,3.7,5.4,3.9,6.5,2.4,2.0,4.2,149.6,145.7
2031-08-18,8.4,8.6,6.1,10.5,11.6,6.5,10.8,3.0,7.8,148.4,145.9
2031-08-19,9.7,5.9,9.5,5.7,7.5,6.0,7.2,11.3,7.6,152.2,146.0
2031-08-20,50.9,55.3,50.3,54.1,47.8,50.5,50.0,54.2,51.1,149.7,146.2
2031-08-21,31.0,26.5,28.0,28.6,32.5,32.3,30.0,29.6,30.7,152.3,146.3
2031-08-22,10.3,6.6,9.8,9.6,8.3,9.6,9.0,9.8,8.8,149.2,146.3
2031-08-23,1.2,5.1,5.9,4.5,5.0,3.6,5.6,4.0,3.8,148.3,146.4
2031-08-24,2.4,6.3,1.4,5.2,3.9,3.8,5.0,3.3,4.7,144.5,146.5
2031-08-25,9.5,8.6,7.2,11.2,8.9,9.7,11.3,11.3,8.5,145.8,146.6
2031-08-26,12.1,10.3,8.1,11.3,13.1,11.6,4.0,12.7,10.9,150.0,146.7
2031-08-27,5.7,3.2,5.8,5.1,2.4,6.4,1.3,3.7,3.8,148.9,146.8
2031-08-28,5.3,4.0,6.3,8.3,8.2,7.1,2.3,3.0,5.7,147.6,147.0
2031-08-29,12.0,11.6,10.6,15.4,11.8,12.7,13.6,11.7,11.6,143.8,147.0
2031-08-30,14.6,7.6,8.2,7.5,12.6,11.0,8.3,7.7,9.4,143.1,147.0
2031-08-31,11.1,9.1,11.2,8.2,9.4,8.9,7.1,8.1,8.3,138.5,147.0
2031-09-01,9.2,12.5,13.0,13.5,12.9,11.3,14.6,13.3,11.5,136.6,147.0
2031-09-02,9.3,9.5,6.3,7.3,8.1,4.3,4.3,4.0,6.6,138.4,147.0
2031-09-03,4.0,3.5,1.3,4.5,4.0,6.5,8.2,5.1,4.2,143.2,147.0
2031-09-04,4.1,6.8,5.5,5.0,3.7,4.5,5.1,7.1,5.5,151.8,147.0
2031-09-05,4.8,7.5,5.2,4.7,3.2,1.7,2.7,2.4,3.8,148.9,147.0
2031-09-06,0.0,2.4,7.6,5.2,3.7,5.2,0.5,5.0,4.4,152.4,146.9
2031-09-07,6.8,4.0,0.7,3.5,6.8,4.8,1.5,9.0,4.3,151.9,146.8
2031-09-08,1.8,3.8,2.2,2.2,3.4,5.6,6.9,3.5,4.3,150.2,146.8
2031-09-09,2.8,5.7,5.8,5.3,5.3,4.5,5.0,4.4,4.8,150.6,146.7
2031-09-10,7.0,9.3,5.2,4.8,5.3,3.5,6.4,5.7,4.8,149.8,146.6
2031-09-11,3.4,6.1,4.3,2.3,5.0,4.7,6.2,5.9,4.3,149.2,146.5
2031-09-12,8.6,7.9,8.9,9.6,9.8,9.5,8.7,10.9,8.9,147.2,146.4
2031-09-13,5.6,11.9,8.5,4.7,7.3,8.5,6.3,4.0,7.0,142.5,146.4
2031-09-14,3.0,6.2,1.6,2.2,6.2,4.7,3.7,4.1,5.1,138.0,146.5
2031-09-15,0.7,4.6,2.0,2.6,4.3,3.1,2.2,0.0,3.6,140.8,146.4
2031-09-16,7.9,7.4,6.2,5.1,7.2,8.2,7.4,10.5,7.2,140.4,146.4
2031-09-17,13.4,11.8,13.4,12.1,12.1,14.6,10.2,12.0,12.0,139.1,146.3
2031-09-18,9.2,7.4,6.1,3.4,2.3,11.0,7.4,5.6,6.8,139.8,146.2
2031-09-19,6.6,4.0,5.2,4.0,3.1,1.7,2.7,8.0,5.9,142.8,146.2
2031-09-20,1.2,4.2,5.0,3.2,2.5,3.4,2.3,5.5,3.1,143.4,146.1
2031-09-21,10.8,10.0,2.8,6.2,7.1,8.0,3.6,3.6,7.1,141.5,146.0
2031-09-22,7.2,3.5,1.6,2.4,5.4,3.0,5.1,2.7,4.6,145.4,146.0
2031-09-23,2.7,9.1,7.0,5.5,5.2,9.1,7.4,8.5,6.2,149.9,146.0
2031-09-24,4.0,5.3,6.0,4.1,5.0,4.0,6.0,2.5,5.2,150.4,145.9
2031-09-25,5.8,5.3,4.3,5.6,3.9,3.3,5.7,5.8,4.7,152.2,145.8
2031-09-26,3.4,3.2,4.0,3.3,7.4,5.0,4.4,2.5,4.4,154.6,145.7
2031-09-27,10.0,7.3,7.2,10.1,9.3,3.5,8.2,8.8,8.5,156.3,145.7
2031-09-28,3.9,4.9,0.9,0.0,2.6,5.1,0.0,2.9,4.6,156.2,145.6
2031-09-29,0.0,2.9,7.3,3.0,3.2,5.1,3.4,3.0,3.4,156.0,145.4
2031-09-30,9.8,8.9,8.5,7.7,7.2,9.8,7.3,10.4,7.9,155.7,145.2
2031-10-01,5.0,9.9,8.0,5.1,8.1,5.8,7.1,6.1,7.1,150.5,145.0
2031-10-02,9.2,11.4,10.5,7.2,7.4,10.0,10.2,8.1,9.5,151.5,144.8
2031-10-03,7.9,6.4,3.5,3.3,4.3,4.1,7.3,6.7,4.7,146.2,144.7
2031-10-04,11.2,12.5,12.8,11.2,11.9,12.3,12.1,9.6,11.1,143.3,144.7
2031-10-05,10.2,10.9,10.1,8.6,12.9,12.2,8.8,11.0,11.5,147.2,144.6
2031-10-06,8.6,9.3,6.8,6.3,10.0,5.9,8.5,8.3,9.0,149.1,144.6
2031-10-07,10.9,11.7,14.3,7.9,12.9,6.1,13.9,7.1,11.1,152.6,144.5
2031-10-08,11.1,5.4,8.8,8.4,5.3,5.5,4.5,7.8,6.2,150.3,144.5
2031-10-09,7.1,6.3,9.0,6.1,7.3,8.1,6.6,6.9,7.9,145.8,144.6
2031-10-10,9.6,6.1,5.8,6.2,7.4,4.5,7.4,7.0,6.5,144.6,144.6
2031-10-11,7.0,14.2,13.5,9.0,8.4,11.1,7.8,13.4,10.6,144.6,144.7
2031-10-12,9.5,13.6,8.7,10.2,12.9,9.7,10.9,12.6,10.4,144.6,144.8
2031-10-13,8.7,7.3,6.9,10.9,10.6,11.9,9.2,6.9,9.8,147.7,144.9
2031-10-14,6.6,17.1,12.4,11.6,11.9,8.5,9.7,14.8,11.3,145.9,145.0
2031-10-15,6.7,3.8,2.9,4.3,4.7,9.4,5.0,3.0,5.3,146.4,144.8
2031-10-16,5.3,5.9,2.8,6.2,7.8,5.7,3.8,4.3,5.4,142.9,144.7
2031-10-17,6.1,9.2,10.1,7.7,13.3,11.0,5.9,5.9,9.5,144.2,144.5
2031-10-18,7.1,12.2,10.8,12.3,9.0,8.6,6.5,9.7,9.0,144.0,144.2
2031-10-19,6.6,6.6,10.3,6.8,9.7,3.9,12.4,6.3,7.0,141.5,144.0
2031-10-20,12.1,12.4,9.7,12.3,12.4,9.2,9.2,10.7,10.6,140.9,143.8
2031-10-21,11.3,14.4,13.0,11.4,12.8,7.5,10.4,12.2,11.6,140.6,143.5
2031-10-22,12.4,10.6,13.1,11.9,9.2,9.9,11.0,9.3,10.2,140.1,143.3
2031-10-23,12.4,7.1,10.0,10.8,8.7,8.3,9.2,11.0,9.3,145.7,143.1
2031-10-24,7.3,6.1,10.6,9.1,10.3,9.8,12.6,10.5,8.3,144.9,143.2
2031-10-25,8.7,11.0,9.0,9.2,7.3,9.5,11.2,10.0,10.1,143.8,143.2
2031-10-26,7.1,6.2,13.5,9.9,7.6,10.2,13.6,10.5,9.3,137.3,143.2
2031-10-27,0.0,9.9,0.9,4.2,2.4,3.1,5.2,0.5,4.6,135.3,143.2
2031-10-28,8.6,11.1,7.1,6.0,8.5,8.1,7.6,6.4,8.8,135.6,143.1
2031-10-29,5.6,5.8,2.4,2.7,4.8,2.6,4.9,7.5,4.6,134.5,143.0
2031-10-30,62.4,60.1,63.3,62.2,62.2,63.5,63.9,62.6,62.5,139.8,142.8
2031-10-31,37.4,41.6,39.9,39.2,37.8,35.5,39.8,37.8,37.5,139.6,142.7
2031-11-01,7.0,7.7,6.2,10.3,9.5,8.5,8.1,6.8,8.2,143.8,142.5
2031-11-02,2.8,4.2,5.6,5.3,7.6,8.7,6.8,9.9,7.1,143.7,142.3
2031-11-03,3.9,5.2,5.4,7.7,5.7,5.7,2.2,3.7,5.5,143.6,142.1
2031-11-04,8.0,1.6,8.5,6.8,4.3,4.1,9.6,8.6,5.8,143.1,141.9
2031-11-05,11.1,11.6,10.0,11.6,10.0,11.2,14.9,11.1,11.3,142.9,141.7
2031-11-06,6.5,5.8,8.8,7.0,9.0,5.3,9.9,6.4,8.6,147.9,141.4
2031-11-07,4.7,3.9,8.0,4.9,8.5,5.7,7.5,4.2,4.6,140.0,141.1
2031-11-08,10.6,12.3,11.7,10.9,9.2,9.6,12.2,12.6,9.9,134.3,140.9
2031-11-09,3.5,3.2,2.9,6.3,2.8,6.3,5.8,3.6,4.7,133.8,140.6
2031-11-10,9.0,3.0,9.2,6.5,1.8,9.1,7.9,5.1,5.9,135.0,140.4
2031-11-11,6.7,5.5,13.4,6.7,6.1,9.1,5.3,6.6,8.6,138.1,140.2
2031-11-12,13.1,12.1,10.4,11.2,10.3,11.0,9.6,10.0,11.1,140.0,140.0
2031-11-13,7.7,7.5,11.0,10.5,7.1,6.5,8.6,13.2,8.9,139.1,139.8
2031-11-14,3.7,5.4,5.9,5.5,4.8,8.1,6.7,7.4,5.8,142.5,139.8
2031-11-15,5.0,5.6,7.0,6.5,8.5,6.3,2.5,5.6,3.9,145.4,139.7
2031-11-16,11.0,13.4,7.6,10.7,8.2,10.6,9.1,10.5,9.6,145.4,139.6
2031-11-17,4.8,9.3,8.1,8.0,11.6,6.9,8.4,7.9,7.7,147.7,139.5
2031-11-18,10.8,14.9,10.6,9.3,14.2,9.8,7.2,9.0,10.4,147.6,139.4
2031-11-19,5.0,3.9,6.8,7.4,9.9,8.8,8.7,5.7,7.5,144.9,139.4
2031-11-20,7.2,8.2,6.2,6.3,2.9,7.5,9.0,6.1,5.4,146.5,139.5
2031-11-21,9.6,10.5,9.9,10.1,12.1,11.3,12.8,11.5,10.8,146.0,139.6
2031-11-22,5.6,6.4,6.2,7.0,10.9,11.3,9.0,7.6,7.4,145.3,139.7
2031-11-23,7.5,10.6,8.6,13.4,7.0,11.0,8.4,10.2,10.2,149.1,139.6
2031-11-24,7.8,8.5,6.3,8.0,5.1,7.0,8.5,7.1,6.5,140.6,139.6
2031-11-25,3.3,3.8,6.4,2.2,2.5,5.6,3.5,1.5,4.4,136.4,139.6
2031-11-26,10.0,5.1,6.9,6.1,6.7,5.5,8.7,7.5,7.3,133.5,139.6
2031-11-27,13.1,10.0,15.4,7.4,8.0,14.7,12.1,11.9,11.2,133.6,139.5
2031-11-28,9.5,9.8,9.2,6.7,10.3,10.0,11.5,12.2,8.6,133.9,139.4
2031-11-29,8.3,5.1,11.1,5.6,8.3,7.1,6.7,9.1,7.6,130.4,139.4
2031-11-30,3.7,4.2,1.6,2.8,1.6,2.8,2.9,6.9,3.2,129.1,139.3
2031-12-01,10.2,6.5,13.5,11.6,10.4,9.8,8.8,14.6,10.7,128.2,139.3
2031-12-02,10.3,6.7,10.8,12.6,10.5,8.4,8.2,8.3,10.2,137.5,139.2
2031-12-03,10.8,7.6,4.4,8.5,8.0,6.9,5.7,5.6,7.8,143.4,139.0
2031-12-04,70.1,68.4,68.9,68.4,68.6,67.0,67.5,70.3,68.0,141.8,139.0
2031-12-05,6.1,0.8,2.9,5.0,7.0,6.8,1.7,5.8,3.3,140.5,138.9
2031-12-06,7.0,9.0,8.5,4.4,8.0,8.9,6.9,6.4,6.9,137.1,139.0
2031-12-07,2.1,6.6,5.7,3.4,4.6,5.6,4.1,5.3,5.2,131.9,139.1
2031-12-08,3.4,9.6,7.0,4.7,2.0,9.0,8.1,7.4,6.9,132.8,139.1
2031-12-09,10.0,9.9,8.6,7.7,7.4,9.1,11.0,8.0,8.2,131.0,139.2
2031-12-10,105.6,103.4,103.4,107.4,105.9,106.0,101.0,107.0,102.6,132.2,139.0
2031-12-11,61.4,61.1,57.3,62.2,59.4,62.4,59.2,65.2,61.6,128.6,138.9
2031-12-12,8.2,11.6,5.0,10.2,3.5,7.5,5.8,6.2,7.1,128.1,138.6
2031-12-13,6.7,5.9,5.2,6.8,7.9,10.0,8.3,10.0,7.7,130.4,138.3
2031-12-14,7.8,9.9,12.2,11.4,9.0,12.6,9.7,9.2,10.7,133.0,138.0
2031-12-15,9.7,8.8,7.7,7.6,6.6,8.0,10.9,9.2,8.7,135.3,137.8
2031-12-16,5.1,4.2,2.0,0.0,1.3,1.8,1.7,5.1,3.2,132.1,137.6
2031-12-17,9.8,12.3,6.3,11.0,11.0,7.4,8.8,10.3,7.8,135.9,137.4
2031-12-18,11.5,11.4,10.4,6.9,11.8,10.2,9.5,12.5,11.7,134.1,137.4
2031-12-19,9.1,13.6,12.9,11.2,11.8,9.6,13.5,12.3,12.0,136.9,137.4
2031-12-20,10.6,11.1,8.8,7.1,12.0,11.5,9.0,10.9,10.1,137.4,137.4
2031-12-21,11.0,10.8,7.4,5.5,5.9,7.9,11.4,7.0,8.5,133.6,137.5
2031-12-22,7.7,7.7,7.8,8.9,6.3,11.1,8.6,13.8,8.9,133.6,137.5
2031-12-23,7.2,12.7,12.3,8.7,8.7,7.7,7.7,9.5,9.5,135.7,137.4
2031-12-24,9.3,6.1,13.9,8.8,9.4,8.0,8.8,8.6,9.3,138.2,137.4
2031-12-25,11.3,11.2,12.9,11.7,12.7,11.2,11.7,10.8,11.3,138.0,137.4
2031-12-26,5.9,4.6,3.6,3.6,3.7,4.0,3.8,2.8,3.9,142.9,137.3
2031-12-27,5.2,5.3,7.2,2.4,5.0,0.0,5.3,0.7,3.6,145.4,137.2
2031-12-28,1.8,4.4,2.5,2.2,2.8,5.2,1.9,3.6,3.7,143.8,137.0
2031-12-29,7.2,9.6,9.7,4.3,10.1,6.7,8.4,6.1,8.0,145.4,136.9
2031-12-30,6.3,10.6,5.8,4.6,5.1,2.6,8.4,6.1,5.5,150.4,136.7
2031-12-31,2.0,2.0,4.1,5.9,1.8,6.3,3.9,2.2,4.1,154.6,136.6
2032-01-01,3.6,8.1,1.8,3.1,6.5,5.0,3.0,6.5,4.6,148.7,136.4
2032-01-02,6.9,5.5,3.6,3.9,5.4,2.2,7.5,8.2,4.8,144.5,136.3
2032-01-03,3.5,4.7,6.3,7.9,7.1,0.5,3.3,5.0,4.0,148.2,136.2
2032-01-04,8.7,13.3,13.0,8.1,9.4,8.2,9.3,9.3,9.7,143.8,136.2
2032-01-05,6.6,2.9,0.0,1.5,2.7,3.4,5.1,2.6,4.7,139.1,136.3
2032-01-06,4.6,5.2,4.8,5.9,5.8,8.4,5.1,6.3,7.0,137.7,136.4
2032-01-07,8.2,10.9,9.0,11.4,7.0,9.2,8.1,6.8,9.3,139.2,136.6
2032-01-08,6.9,10.5,5.3,6.8,4.4,4.1,5.5,6.1,7.0,138.9,136.7
2032-01-09,7.3,7.7,4.8,6.9,9.1,5.4,7.4,8.7,8.1,137.0,136.9
2032-01-10,7.5,9.8,6.1,10.9,9.8,9.2,11.4,8.5,9.1,135.3,137.1
2032-01-11,10.5,14.5,15.5,10.4,11.6,13.9,11.6,13.0,11.8,133.8,137.2
2032-01-12,6.2,3.5,5.5,4.6,2.2,2.7,3.3,6.5,4.6,131.9,137.2
2032-01-13,44.1,43.7,43.1,43.1,42.8,43.0,43.2,39.4,42.2,139.8,137.1
2032-01-14,23.8,23.3,27.5,28.6,21.0,28.5,25.5,27.4,25.3,140.6,137.0
2032-01-15,16.2,18.1,15.6,12.5,15.0,16.2,14.8,16.5,15.2,143.0,136.9
2032-01-16,10.7,9.7,8.7,10.1,11.3,6.9,9.3,6.9,10.9,140.9,137.0
2032-01-17,3.4,7.0,2.2,6.0,10.3,7.5,4.9,6.3,4.6,140.1,137.0
2032-01-18,2.6,2.2,5.4,6.1,7.5,4.2,5.7,5.6,5.3,137.8,137.1
2032-01-19,3.0,3.1,1.6,3.9,3.7,2.4,4.6,5.4,3.3,130.0,137.1
2032-01-20,11.3,7.9,10.2,8.1,10.2,8.1,12.5,11.5,10.0,127.1,137.2
2032-01-21,6.9,6.7,4.0,3.7,8.0,4.2,1.8,6.6,4.5,123.5,137.3
2032-01-22,11.1,13.8,11.3,10.8,13.9,7.7,9.6,9.0,10.8,119.0,137.4
2032-01-23,4.5,10.6,7.8,10.7,9.7,10.1,8.0,7.4,8.9,118.4,137.5
2032-01-24,10.6,12.3,10.4,9.0,8.1,10.9,9.3,10.3,10.5,125.4,137.6
2032-01-25,7.1,6.7,8.2,8.7,11.5,9.1,10.8,5.9,7.6,127.2,137.7
2032-01-26,2.2,5.3,7.1,6.8,7.8,0.3,7.9,6.0,5.4,132.8,137.8
2032-01-27,0.1,4.6,3.5,3.9,5.2,4.0,0.2,2.9,3.2,134.9,137.9
2032-01-28,7.0,11.5,13.0,7.7,8.9,8.4,9.3,11.0,10.2,137.7,138.0
2032-01-29,3.5,5.7,6.5,6.6,2.1,7.1,7.3,7.5,4.3,135.1,138.0
2032-01-30,7.5,6.3,5.8,5.6,7.8,9.5,10.4,6.8,7.8,137.2,138.0
2032-01-31,3.6,3.4,2.4,5.1,4.4,3.9,4.4,4.9,3.6,139.5,138.1
2032-02-01,68.4,65.5,69.0,67.7,66.3,67.7,67.9,69.4,67.2,137.6,138.1
2032-02-02,38.2,43.0,40.4,39.3,39.3,38.3,36.8,41.7,40.3,139.4,138.2
2032-02-03,9.5,2.3,3.6,7.0,5.4,7.2,5.3,4.3,5.5,140.9,138.2
2032-02-04,10.5,6.2,8.7,12.9,13.4,13.8,11.9,6.5,11.0,138.8,138.3
2032-02-05,9.1,13.0,13.6,13.1,9.9,7.7,10.3,10.4,10.4,135.3,138.4
2032-02-06,10.7,8.1,7.6,7.8,8.4,8.9,6.2,5.5,7.6,132.2,138.4
2032-02-07,13.1,7.1,13.6,6.5,9.2,12.3,10.3,7.7,10.3,133.3,138.4
2032-02-08,10.7,9.9,9.4,8.6,9.7,8.6,14.7,9.3,9.8,135.0,138.3
2032-02-09,6.6,6.2,10.9,4.0,8.0,6.8,4.5,5.7,7.3,133.1,138.2
2032-02-10,11.4,9.0,11.3,14.2,11.1,7.9,9.1,10.2,10.8,133.8,138.0
2032-02-11,2.7,3.7,4.0,6.8,3.4,1.1,5.7,5.9,3.4,136.2,138.0
2032-02-12,11.2,10.2,12.0,10.3,6.6,11.8,12.5,13.6,10.7,138.2,137.9
2032-02-13,7.8,9.8,9.8,9.5,9.5,9.4,9.7,10.8,9.3,142.8,137.8
2032-02-14,81.7,77.7,78.9,78.4,78.1,76.0,79.3,80.2,79.2,145.9,137.8
2032-02-15,47.2,47.5,48.4,50.4,46.7,45.2,47.4,51.3,47.5,141.6,137.8
2032-02-16,26.2,29.8,30.8,23.8,29.3,29.7,28.0,27.2,28.5,146.1,137.7
2032-02-17,9.9,10.4,10.5,10.1,10.4,13.5,8.6,7.6,11.1,143.2,137.6
2032-02-18,13.6,10.8,10.4,11.0,11.6,10.1,12.2,9.3,11.2,145.5,137.6
2032-02-19,11.3,7.5,14.3,11.6,13.3,12.9,13.0,11.9,11.9,144.5,137.6
2032-02-20,4.5,1.8,1.4,3.6,2.4,6.6,4.5,2.3,3.8,142.2,137.5
2032-02-21,3.1,3.9,3.5,4.2,3.8,0.9,0.0,2.9,3.7,136.0,137.5
2032-02-22,11.4,9.6,12.8,10.2,13.0,12.6,12.4,7.9,10.3,135.7,137.6
2032-02-23,7.0,9.4,7.5,8.1,4.2,10.8,5.4,3.0,7.0,131.3,137.6
2032-02-24,7.1,2.9,5.6,12.9,7.0,4.9,7.8,6.0,7.8,135.1,137.6
2032-02-25,9.0,5.5,7.8,5.0,12.4,8.3,7.0,6.7,7.2,139.9,137.5
2032-02-26,10.9,10.5,10.4,15.3,10.9,7.7,9.6,13.8,12.0,137.1,137.4
2032-02-27,2.6,2.8,5.4,1.6,4.4,1.8,4.3,2.3,3.1,138.0,137.3
2032-02-28,7.5,9.6,9.5,7.7,7.0,11.2,9.2,7.2,8.0,135.7,137.2
2032-02-29,10.2,13.5,11.7,11.1,11.7,12.1,11.3,13.9,11.5,134.0,137.3
2032-03-01,10.2,8.7,10.4,7.7,9.1,9.7,9.7,9.5,7.7,136.8,137.3
2032-03-02,6.6,9.2,4.2,5.0,4.9,4.6,1.3,8.1,5.3,136.7,137.4
2032-03-03,1.0,3.4,0.2,4.3,1.5,0.8,3.4,1.6,3.0,141.9,137.5
2032-03-04,10.3,11.8,13.0,9.8,9.4,11.5,12.5,14.3,11.4,139.7,137.5
2032-03-05,8.5,10.0,13.0,14.6,8.7,9.2,11.4,9.5,10.7,142.2,137.6
2032-03-06,8.9,10.9,13.5,7.8,13.4,9.3,11.1,13.6,10.4,141.7,137.5
2032-03-07,9.2,8.0,10.0,8.2,9.6,8.2,10.3,5.8,8.6,143.3,137.4
2032-03-08,2.8,2.0,4.7,1.8,3.4,2.6,7.8,2.8,4.8,141.0,137.3
2032-03-09,1.0,4.0,6.9,3.3,3.5,6.1,5.3,4.4,3.5,140.2,137.2
2032-03-10,9.4,11.5,7.8,9.3,13.4,13.2,11.4,6.7,10.6,139.3,137.0
2032-03-11,1.5,2.6,3.6,1.4,3.4,7.5,4.7,4.4,3.9,136.3,136.8
2032-03-12,1.6,0.3,1.2,0.2,3.8,4.4,1.7,3.9,3.6,138.3,136.7
2032-03-13,13.5,14.5,12.1,10.2,12.0,13.3,6.5,13.5,10.6,140.0,136.5
2032-03-14,2.1,2.1,2.5,3.8,0.9,2.6,4.2,3.6,3.2,141.2,136.2
2032-03-15,71.7,70.3,72.3,73.0,72.9,71.8,72.8,72.6,70.9,145.1,136.0
2032-03-16,47.9,45.0,42.4,40.7,42.0,41.9,43.6,41.1,42.5,148.1,135.8
2032-03-17,6.5,1.4,0.9,3.9,2.5,1.6,2.9,2.6,4.1,145.2,135.6
2032-03-18,8.1,6.9,7.0,8.1,10.1,11.1,8.4,8.6,8.1,145.0,135.6
2032-03-19,9.2,10.5,10.4,12.2,5.8,9.1,10.3,9.5,9.6,141.8,135.5
2032-03-20,8.0,7.3,11.5,8.4,6.4,11.6,10.8,9.7,9.9,141.0,135.5
2032-03-21,5.8,7.4,10.1,4.4,4.5,6.4,7.6,6.7,7.7,138.4,135.5
2032-03-22,5.9,6.8,5.2,5.8,5.2,4.7,2.1,2.6,4.6,142.9,135.6
2032-03-23,6.2,8.6,9.4,6.0,9.0,7.2,6.8,7.7,8.9,143.0,135.5
2032-03-24,8.8,12.2,10.7,12.7,10.1,10.2,14.8,7.8,11.0,141.2,135.5
2032-03-25,14.1,14.9,13.1,10.9,14.4,10.9,10.2,10.8,11.6,144.0,135.3
2032-03-26,6.2,5.5,9.6,5.8,7.3,4.5,7.4,5.1,7.4,136.2,135.2
2032-03-27,2.8,5.0,7.3,6.1,6.2,4.9,4.5,6.8,5.2,130.1,135.0
2032-03-28,7.8,10.6,11.4,7.3,7.5,7.8,6.0,8.0,8.9,133.3,134.8
2032-03-29,12.3,7.6,12.4,8.8,13.9,8.3,9.4,7.9,9.7,133.9,134.6
2032-03-30,5.9,10.0,8.2,9.3,4.6,8.6,5.3,4.6,7.3,134.9,134.4
2032-03-31,4.8,4.8,4.4,5.8,6.1,7.3,1.9,7.3,4.3,131.0,134.3
2032-04-01,9.3,4.8,2.2,2.8,4.6,9.6,5.6,4.3,5.6,131.6,134.1
2032-04-02,6.2,5.0,9.4,7.4,11.8,8.9,9.3,7.1,7.6,138.2,134.1
2032-04-03,6.1,6.6,5.6,10.1,7.5,10.2,8.6,7.7,8.3,140.2,134.0
2032-04-04,7.2,10.1,9.1,11.3,8.1,10.7,12.8,10.1,9.5,140.0,133.9
2032-04-05,12.6,12.2,14.9,11.8,12.5,11.0,9.5,8.7,11.1,138.0,133.8
2032-04-06,58.1,53.6,57.1,56.4,57.4,54.6,54.0,56.4,55.6,136.4,133.7
2032-04-07,32.8,30.9,37.2,31.8,31.4,32.9,35.9,29.0,33.4,129.8,133.6
2032-04-08,22.4,18.2,20.5,18.7,24.0,20.3,18.6,19.4,20.0,131.4,133.5
2032-04-09,7.4,7.6,8.1,7.2,4.5,6.6,8.5,5.9,7.2,134.5,133.5
2032-04-10,12.6,11.3,10.8,13.6,7.8,9.9,13.7,14.9,11.2,129.8,133.6
2032-04-11,9.0,4.5,5.3,6.0,6.9,5.0,6.2,5.3,4.4,128.6,133.6
2032-04-12,9.3,6.4,7.6,7.2,5.9,4.9,7.4,7.7,8.2,126.1,133.7
2032-04-13,10.1,11.0,10.2,9.3,8.0,11.6,9.6,9.0,9.8,124.5,133.7
2032-04-14,8.5,7.4,7.8,7.8,8.3,10.2,9.7,12.0,8.9,126.2,133.7
2032-04-15,9.4,10.9,8.1,8.0,6.0,8.6,5.6,4.0,7.0,121.3,133.7
2032-04-16,12.9,7.3,10.7,8.0,12.1,12.3,10.9,12.3,9.8,125.1,133.7
2032-04-17,10.0,14.5,11.5,8.2,10.1,9.7,9.5,6.7,10.0,128.8,133.6
2032-04-18,10.5,6.9,4.7,9.0,8.2,8.0,3.5,8.0,9.7,128.9,133.5
2032-04-19,51.5,50.6,52.6,54.6,52.9,53.9,54.1,49.8,51.9,122.3,133.5
2032-04-20,32.0,33.1,30.2,29.5,32.2,28.1,28.9,29.8,31.1,121.2,133.6
2032-04-21,9.3,8.8,10.4,6.5,6.4,9.4,6.8,7.2,8.4,126.9,133.6
2032-04-22,2.7,7.0,9.5,4.3,8.4,6.3,2.8,4.6,6.4,119.7,133.6
2032-04-23,2.6,3.8,5.3,8.2,1.6,3.5,2.7,1.9,4.5,120.8,133.5
2032-04-24,3.7,3.5,0.0,3.5,1.1,3.5,6.0,4.4,3.5,119.3,133.5
2032-04-25,4.7,3.3,4.5,5.5,5.3,4.2,4.8,1.7,4.4,124.0,133.4
2032-04-26,8.5,11.4,11.7,10.2,12.9,11.0,9.5,7.5,10.0,123.5,133.2
2032-04-27,6.0,4.7,6.7,7.5,0.6,0.6,0.0,5.0,3.1,126.3,133.0
2032-04-28,55.7,54.6,51.9,54.2,54.8,56.0,54.9,55.7,54.4,129.2,133.0
2032-04-29,32.4,35.0,33.9,30.3,35.4,35.1,33.6,33.2,32.6,135.4,132.9
2032-04-30,22.9,16.3,22.1,18.6,21.8,19.8,17.1,18.6,19.6,134.6,132.9
2032-05-01,10.6,8.1,7.3,7.3,9.8,12.0,4.2,14.1,8.5,135.6,132.9
2032-05-02,8.7,9.5,7.5,8.3,8.7,6.2,6.7,10.7,8.3,130.9,132.7
2032-05-03,1.6,5.6,3.9,2.8,8.6,2.8,2.4,4.3,4.7,134.9,132.6
2032-05-04,3.6,5.1,5.4,5.6,4.9,3.7,6.4,4.9,5.1,132.5,132.5
2032-05-05,53.7,57.6,54.4,56.8,57.1,57.2,56.0,54.6,54.7,131.0,132.3
2032-05-06,32.7,32.3,28.5,34.2,33.3,34.4,32.6,34.1,32.8,131.4,132.3
2032-05-07,7.7,8.1,5.5,10.2,8.9,8.7,11.2,9.6,10.5,127.0,132.3
2032-05-08,5.3,13.3,8.1,6.0,6.8,7.8,7.8,10.8,8.2,128.7,132.2
2032-05-09,10.3,14.2,9.6,11.3,12.5,12.8,13.1,9.9,10.5,132.3,132.2
2032-05-10,5.7,0.7,5.3,7.8,7.5,5.5,9.1,4.9,5.7,133.4,132.1
2032-05-11,1.9,2.4,1.1,4.6,3.9,4.6,2.5,3.3,3.4,128.6,132.1
2032-05-12,6.5,11.7,11.1,8.7,10.7,10.4,14.4,8.8,10.9,129.0,132.2
2032-05-13,4.6,1.8,2.9,4.5,3.6,4.0,4.7,3.0,4.0,131.9,132.2
2032-05-14,8.2,5.8,6.2,7.2,6.9,7.7,7.1,7.4,6.4,126.5,132.1
2032-05-15,7.3,5.9,5.1,4.7,11.5,3.6,10.4,6.4,8.0,124.3,132.0
2032-05-16,110.3,103.5,107.4,110.8,109.3,107.2,104.0,105.2,107.9,128.2,132.0
2032-05-17,11.7,8.2,8.8,9.5,6.3,9.8,8.1,9.5,8.9,129.8,131.9
2032-05-18,4.9,2.9,5.2,7.3,6.8,6.1,7.8,5.6,6.0,131.5,131.9
2032-05-19,8.4,7.3,10.2,8.8,7.1,5.3,10.5,6.8,8.3,137.3,131.9
2032-05-20,10.6,15.1,12.0,13.6,9.3,12.6,10.5,11.2,10.4,138.1,131.9
2032-05-21,10.8,6.2,6.8,4.9,8.5,5.6,8.8,3.4,6.7,139.3,132.0
2032-05-22,12.8,10.4,13.2,11.7,10.7,11.0,10.0,13.4,11.7,146.5,132.0
2032-05-23,2.3,3.8,5.1,7.6,4.3,3.9,4.9,0.2,4.4,143.8,132.2
2032-05-24,6.5,8.2,7.5,5.7,10.6,9.4,9.2,7.5,8.9,139.8,132.4
2032-05-25,5.3,6.1,4.6,6.0,3.5,5.3,7.4,7.6,5.1,140.0,132.4
2032-05-26,8.2,6.1,5.6,4.6,1.9,2.8,5.2,5.3,5.5,140.2,132.5
2032-05-27,6.2,6.0,2.0,5.0,2.4,4.7,5.0,5.8,3.4,137.5,132.6
2032-05-28,7.9,10.9,5.1,11.5,8.8,8.9,4.8,8.1,8.9,133.7,132.5
2032-05-29,7.9,4.3,6.6,5.2,7.3,5.5,3.3,5.3,5.1,140.4,132.5
2032-05-30,14.9,12.7,11.5,16.2,14.0,13.4,12.4,13.2,11.7,140.2,132.6
2032-05-31,10.2,4.4,9.5,8.4,7.7,8.3,5.6,5.1,8.7,136.9,132.6
2032-06-01,7.7,6.1,0.3,4.0,6.9,4.6,7.7,7.3,5.2,138.9,132.6
2032-06-02,2.8,5.2,4.6,2.7,2.6,3.9,4.2,6.1,5.5,137.6,132.7
2032-06-03,6.1,5.0,5.5,3.5,5.2,3.7,3.1,7.8,4.0,136.1,132.8
2032-06-04,3.1,4.1,8.6,7.3,4.9,5.7,6.0,9.6,7.8,137.2,132.9
2032-06-05,13.1,13.9,7.5,7.9,7.8,13.2,11.5,10.8,10.7,132.6,132.9
2032-06-06,4.4,3.9,1.7,5.0,3.6,1.6,5.1,3.1,4.0,133.6,133.0
2032-06-07,6.7,6.0,8.0,6.7,4.5,6.9,6.9,7.2,6.2,139.1,133.0
2032-06-08,9.5,6.2,8.8,4.0,7.2,6.9,10.3,7.1,7.4,139.4,133.0
2032-06-09,11.2,6.4,9.2,8.2,14.9,8.6,10.1,10.2,9.9,137.2,133.0
2032-06-10,63.2,65.3,67.2,66.6,61.8,65.3,68.4,67.6,66.4,134.9,132.9
2032-06-11,42.3,37.9,42.4,39.8,43.0,39.8,35.7,41.5,39.8,133.2,132.9
2032-06-12,23.0,23.2,21.0,27.1,22.9,27.1,23.0,22.0,23.9,132.2,132.9
2032-06-13,9.8,7.0,7.0,4.6,6.2,8.0,4.5,6.1,7.1,131.0,132.8
2032-06-14,5.7,6.7,9.5,6.0,5.2,12.1,5.7,6.2,6.6,133.9,132.8
2032-06-15,4.0,4.1,4.8,6.5,5.5,6.8,6.8,5.1,4.7,128.4,132.8
2032-06-16,6.6,8.1,3.7,10.9,4.9,5.2,3.5,3.5,5.9,131.4,132.8
2032-06-17,9.6,12.2,6.5,8.3,8.1,9.6,12.1,10.7,7.6,130.3,132.8
2032-06-18,3.6,5.2,5.4,4.1,1.9,2.5,6.4,6.6,4.1,131.6,132.8
2032-06-19,5.3,6.2,8.1,2.3,4.8,9.7,6.3,3.4,5.7,128.2,132.7
2032-06-20,5.9,7.7,0.6,6.0,4.9,2.4,5.9,5.4,5.7,132.7,132.7
2032-06-21,5.2,4.5,3.2,2.3,3.8,6.9,5.7,5.1,5.2,136.2,132.7
2032-06-22,4.6,6.0,8.2,7.7,5.8,1.5,5.4,5.8,6.7,138.4,132.8
2032-06-23,8.8,9.8,12.3,10.6,12.6,7.6,10.0,6.8,10.7,132.8,132.8
2032-06-24,7.2,5.9,10.6,8.8,10.1,7.2,6.0,5.9,8.0,135.0,132.9
2032-06-25,9.7,12.8,10.0,8.4,8.8,9.1,13.2,11.6,9.1,135.6,133.0
2032-06-26,8.5,8.2,8.6,8.9,7.1,6.3,10.0,8.0,8.0,130.1,133.1
2032-06-27,7.8,9.1,6.9,6.6,12.3,6.3,3.7,5.3,5.9,130.2,133.2
2032-06-28,10.4,4.7,5.8,9.5,6.8,7.1,9.5,5.9,7.3,131.4,133.2
2032-06-29,0.9,1.0,5.0,4.3,2.4,1.5,3.3,6.0,3.8,133.0,133.2
2032-06-30,9.1,9.5,8.4,10.1,11.5,15.0,11.2,10.7,10.8,133.2,133.3
2032-07-01,8.0,7.7,5.1,10.9,6.2,6.8,7.4,7.0,6.3,133.7,133.3
2032-07-02,6.3,2.1,4.8,3.6,5.2,2.8,2.6,4.7,3.3,137.7,133.2
2032-07-03,8.2,5.8,10.1,8.9,7.3,6.5,8.2,8.8,7.4,140.3,133.2
2032-07-04,2.3,6.2,6.8,0.8,5.9,6.9,6.6,7.1,5.5,130.3,133.1
2032-07-05,4.6,3.2,1.7,7.5,6.7,7.6,3.8,6.9,5.3,129.4,133.1
2032-07-06,2.5,3.8,5.8,6.9,8.9,5.1,3.8,3.7,5.6,129.1,133.1
2032-07-07,7.8,13.6,10.7,11.4,8.7,9.1,10.5,8.1,9.1,124.0,133.1
2032-07-08,49.4,48.7,49.1,50.1,48.4,50.6,50.6,49.7,50.0,125.3,133.1
2032-07-09,28.4,30.2,29.0,30.1,32.2,27.5,34.4,29.9,30.0,129.8,133.0
2032-07-10,10.8,8.4,12.2,9.7,9.1,8.8,9.4,10.8,9.9,126.6,133.0
2032-07-11,3.6,3.1,1.8,1.7,2.3,4.1,4.5,4.8,3.2,128.2,133.0
2032-07-12,11.9,12.7,11.6,8.4,11.5,11.2,9.8,10.8,11.9,125.7,133.0
2032-07-13,5.7,3.2,4.0,8.6,2.3,5.1,3.1,4.0,5.5,124.4,132.9
2032-07-14,4.0,2.5,5.6,7.1,6.1,6.5,1.7,4.0,4.4,129.7,132.9
2032-07-15,10.7,11.5,13.3,11.9,11.6,15.1,10.0,9.2,9.8,128.1,132.8
2032-07-16,74.7,72.5,74.4,70.8,73.2,74.1,76.2,76.5,74.3,129.8,132.7
2032-07-17,42.7,48.7,44.9,45.1,41.3,43.3,46.7,44.9,44.6,124.2,132.6
2032-07-18,27.0,27.2,23.9,26.6,29.6,28.9,26.5,29.9,26.7,130.6,132.4
2032-07-19,3.2,3.8,9.5,6.9,5.2,5.6,4.1,6.3,5.7,132.3,132.2
2032-07-20,4.9,4.5,2.1,5.0,3.4,2.5,7.0,8.8,4.5,131.4,132.0
2032-07-21,14.5,11.9,10.1,10.5,11.4,9.8,13.3,6.6,10.6,132.9,131.7
2032-07-22,9.8,12.0,8.7,9.9,11.6,13.4,7.8,7.7,10.4,128.2,131.5
2032-07-23,5.5,4.3,4.5,5.5,9.9,6.8,7.5,5.5,7.4,131.9,131.4
2032-07-24,10.4,12.9,7.3,12.6,9.8,9.1,9.9,9.9,9.1,130.6,131.2
2032-07-25,14.4,11.7,11.7,9.8,12.3,8.7,10.9,16.4,10.6,129.8,131.0
2032-07-26,4.0,9.5,9.6,8.6,8.6,9.2,8.5,9.5,9.0,128.3,131.0
2032-07-27,6.6,11.6,7.0,8.7,6.2,9.4,9.0,8.4,7.6,126.7,130.9
2032-07-28,6.7,7.3,12.2,7.3,10.1,6.9,10.8,7.4,8.8,129.2,130.8
2032-07-29,3.2,3.7,4.0,5.9,5.3,2.9,5.1,2.8,5.1,130.0,130.8
2032-07-30,10.9,11.2,9.5,10.1,13.1,9.3,7.7,10.7,9.6,131.8,130.9
2032-07-31,2.6,4.5,3.7,3.5,4.4,6.7,7.1,6.8,4.9,131.4,130.9
2032-08-01,7.6,6.4,2.2,7.6,2.4,3.1,6.6,7.4,6.9,132.6,130.9
2032-08-02,5.1,9.1,6.9,5.5,8.8,9.1,7.0,4.4,6.0,130.8,130.8
2032-08-03,7.5,5.7,8.5,6.5,7.9,9.1,4.6,6.1,8.6,137.3,130.7
2032-08-04,10.9,11.8,10.9,11.3,10.5,9.0,10.8,11.5,11.9,131.3,130.7
2032-08-05,8.7,9.5,10.1,10.7,8.0,6.1,11.8,10.1,9.3,134.7,130.6
2032-08-06,8.8,11.3,12.9,14.2,11.2,12.8,8.3,10.6,10.7,138.0,130.6
2032-08-07,3.3,4.6,7.2,4.5,2.1,1.4,7.2,5.0,4.0,134.0,130.6
2032-08-08,11.7,10.1,11.3,8.8,11.6,8.4,10.1,9.5,10.8,139.9,130.7
2032-08-09,2.6,8.4,7.3,8.7,9.1,12.6,9.7,9.7,9.1,141.2,130.7
2032-08-10,6.9,7.7,6.8,6.5,7.3,1.1,10.1,9.1,5.9,142.3,130.8
2032-08-11,4.7,1.4,6.6,2.8,5.3,1.7,8.7,1.3,4.2,140.3,130.9
2032-08-12,7.2,2.8,6.9,6.2,9.3,6.2,9.3,5.0,7.0,137.9,130.9
2032-08-13,4.4,4.4,5.9,5.7,6.4,5.5,6.3,3.1,4.9,135.8,130.8
2032-08-14,9.5,12.0,5.4,9.7,10.1,11.7,10.2,8.9,8.7,135.9,130.8
2032-08-15,4.8,2.5,3.2,1.3,7.0,4.9,2.2,4.5,4.0,139.0,130.9
2032-08-16,13.0,12.6,8.8,4.4,11.4,8.9,11.9,12.5,10.6,137.9,130.9
2032-08-17,7.0,8.2,7.2,8.3,7.5,7.7,4.7,2.2,4.8,133.7,131.0
2032-08-18,10.4,5.6,7.9,4.4,7.4,0.6,4.6,5.3,5.5,135.4,131.1
2032-08-19,6.9,8.1,3.7,7.3,8.4,10.6,7.3,5.0,5.9,137.1,131.0
2032-08-20,6.3,12.5,10.3,8.8,5.6,7.0,10.1,9.5,8.8,137.7,130.9
2032-08-21,2.2,7.3,2.9,8.8,6.5,5.1,8.0,6.8,6.1,138.5,130.8
2032-08-22,7.2,4.7,4.9,4.0,5.1,8.0,3.6,5.9,4.6,136.1,130.7
2032-08-23,3.0,0.7,5.2,5.5,4.6,1.8,5.4,5.3,4.8,132.1,130.6
2032-08-24,31.3,30.4,32.6,34.4,34.0,31.4,33.4,34.9,33.1,128.8,130.5
2032-08-25,9.6,12.1,14.6,9.4,14.3,15.2,11.5,11.3,12.0,123.8,130.4
2032-08-26,7.0,4.6,0.2,4.7,5.9,6.4,3.2,4.4,4.9,125.1,130.2
2032-08-27,9.1,7.1,4.1,9.6,6.7,9.4,4.4,6.9,7.2,125.2,130.2
2032-08-28,11.2,10.0,7.9,5.5,13.3,10.7,12.6,12.1,10.2,124.3,130.1
2032-08-29,5.3,3.5,5.1,7.0,4.3,7.9,1.1,0.9,4.1,115.9,129.9
2032-08-30,12.8,9.2,14.9,13.5,14.0,12.6,9.0,7.5,10.8,113.9,129.8
2032-08-31,7.0,1.0,7.1,5.3,3.8,4.9,4.9,3.6,4.0,119.3,129.7
2032-09-01,7.3,7.2,4.7,3.2,7.0,0.4,5.3,5.9,4.4,118.5,129.7
2032-09-02,9.6,13.2,11.2,10.2,13.2,9.1,13.0,7.3,11.2,120.9,129.7
2032-09-03,4.3,3.8,2.7,4.5,3.6,5.9,4.9,4.7,3.7,117.7,129.7
2032-09-04,7.3,5.7,6.1,7.2,6.3,8.9,6.9,7.4,6.7,123.5,129.6
2032-09-05,3.3,7.9,4.9,4.0,9.4,7.5,8.0,7.0,6.1,123.6,129.7
2032-09-06,5.3,4.9,7.0,7.7,5.3,9.6,5.1,2.7,5.5,125.0,129.7
2032-09-07,2.3,2.4,4.9,5.3,7.1,5.7,7.4,5.8,5.8,132.3,129.7
2032-09-08,52.5,51.3,55.3,49.4,53.1,52.1,54.1,52.5,52.5,136.1,129.6
2032-09-09,31.5,31.0,34.3,31.5,35.4,32.0,31.5,31.2,31.5,133.8,129.5
2032-09-10,5.4,3.1,4.6,4.3,4.9,5.0,5.1,4.5,4.3,131.0,129.5
2032-09-11,7.3,5.0,9.4,4.3,6.1,2.7,7.0,2.8,4.2,129.4,129.4
2032-09-12,11.8,10.3,11.8,10.4,9.3,10.3,14.0,11.8,10.9,130.5,129.3
2032-09-13,0.8,5.6,1.6,4.9,4.5,4.7,7.1,1.8,3.4,129.6,129.1
2032-09-14,10.9,12.2,8.3,8.1,9.1,10.3,6.8,10.7,9.6,128.0,129.0
2032-09-15,3.3,8.7,7.2,10.0,7.5,5.5,4.5,6.6,6.1,132.2,128.8
2032-09-16,7.0,9.5,5.2,11.1,9.6,6.7,10.7,5.5,7.1,131.0,128.5
2032-09-17,10.0,7.0,13.3,6.3,6.7,8.3,12.2,11.5,9.6,137.2,128.3
2032-09-18,5.4,7.2,5.0,6.0,8.5,4.7,3.7,6.1,5.2,135.9,128.0
2032-09-19,12.2,10.9,12.7,10.3,10.9,11.4,11.3,13.9,10.7,139.8,127.7
2032-09-20,9.8,8.4,10.1,11.0,10.6,10.5,6.0,4.0,9.0,138.9,127.4
2032-09-21,9.9,8.2,7.3,8.7,11.2,10.1,9.2,5.5,7.3,139.9,127.1
2032-09-22,8.5,5.2,11.2,12.2,12.4,11.3,9.7,8.9,10.0,135.7,126.8
2032-09-23,5.3,6.7,5.0,10.5,4.4,6.6,3.1,7.6,7.0,131.7,126.7
2032-09-24,6.4,5.6,4.5,6.4,5.3,6.1,10.3,6.7,6.4,132.2,126.5
2032-09-25,6.7,4.7,4.1,5.6,10.7,5.1,6.4,4.0,5.7,134.3,126.3
2032-09-26,1.3,5.3,11.6,8.0,10.1,6.2,2.1,4.6,6.9,133.1,126.1
2032-09-27,6.9,6.6,6.1,5.1,8.0,5.1,6.7,6.5,6.1,128.2,125.9
2032-09-28,4.5,3.5,4.4,9.0,7.4,7.3,3.6,2.3,5.2,123.8,125.7
2032-09-29,13.3,12.9,11.4,10.4,8.2,12.8,13.5,9.8,11.1,119.8,125.5
2032-09-30,3.2,7.2,3.5,8.3,4.5,4.0,4.8,4.0,4.7,115.4,125.4
2032-10-01,10.6,10.1,10.5,8.7,7.4,8.3,7.5,11.2,8.3,117.3,125.2
2032-10-02,6.3,4.2,2.5,7.4,4.6,4.1,7.4,3.3,4.3,121.9,125.1
2032-10-03,7.2,7.4,5.3,8.5,6.4,6.7,6.5,6.7,7.9,122.4,125.0
2032-10-04,6.8,9.0,8.2,8.6,13.2,8.2,9.7,9.9,8.5,116.1,124.9
2032-10-05,5.9,6.6,6.1,6.4,4.9,5.0,6.1,2.1,6.0,116.9,124.9
2032-10-06,8.3,9.7,5.7,6.7,7.5,2.7,7.2,4.5,5.3,117.7,124.8
2032-10-07,11.3,6.3,8.5,6.3,11.1,5.7,9.0,7.9,6.7,125.2,124.7
2032-10-08,12.1,11.7,9.9,6.1,13.4,10.3,13.6,11.9,11.2,120.8,124.6
2032-10-09,7.5,6.7,0.2,6.4,4.4,7.5,6.3,6.3,5.1,120.3,124.7
2032-10-10,9.2,7.9,8.8,6.1,8.5,6.8,6.8,9.9,9.7,126.2,124.7
2032-10-11,4.5,3.4,2.4,1.6,2.8,1.8,3.3,0.4,3.4,127.4,124.6
2032-10-12,10.1,7.6,9.5,10.5,9.4,10.3,4.6,7.8,8.7,128.7,124.5
2032-10-13,7.2,6.0,8.7,8.4,5.6,4.5,3.1,4.1,5.0,128.5,124.3
2032-10-14,4.8,4.4,3.7,6.4,9.0,7.4,4.9,7.6,5.6,129.0,124.2
2032-10-15,4.0,3.2,3.1,2.9,4.6,3.6,1.9,1.8,3.3,130.7,124.1
2032-10-16,9.2,9.4,7.9,6.3,11.1,10.6,4.6,11.2,8.6,127.4,124.0
2032-10-17,3.6,4.4,6.3,7.3,6.0,4.5,1.2,0.0,4.0,129.6,123.9
2032-10-18,9.5,10.5,6.1,7.2,6.7,6.6,9.9,8.2,7.8,124.8,123.7
2032-10-19,6.9,12.7,4.5,8.4,5.2,7.0,7.6,9.0,7.3,125.7,123.5
2032-10-20,7.4,7.2,7.3,5.7,9.2,8.5,8.8,7.8,7.9,126.1,123.3
2032-10-21,11.5,14.3,13.9,14.7,12.7,14.6,11.1,11.5,11.9,124.0,123.1
2032-10-22,13.8,13.1,10.8,9.3,11.0,10.0,14.8,12.9,11.4,124.0,123.0
2032-10-23,6.0,5.4,6.0,6.4,7.2,9.8,5.6,12.1,7.5,122.2,122.9
2032-10-24,5.7,4.7,10.9,10.2,7.2,8.3,8.4,7.8,7.6,119.3,122.8
2032-10-25,2.9,0.5,3.8,9.1,9.2,4.9,3.5,6.0,5.5,119.0,122.8
2032-10-26,9.0,9.3,3.1,14.4,10.4,7.7,6.7,10.1,8.1,116.5,122.7
2032-10-27,10.4,9.6,10.3,9.2,10.2,10.8,10.1,10.0,9.4,118.6,122.6
2032-10-28,9.4,3.4,5.0,6.6,5.1,5.8,9.2,6.3,6.6,116.0,122.4
2032-10-29,26.8,29.6,30.6,30.6,31.6,31.4,30.2,28.1,30.5,119.4,122.2
2032-10-30,6.0,5.6,6.3,8.3,7.7,8.5,6.1,9.9,6.9,116.5,121.9
2032-10-31,6.8,5.7,6.7,4.1,1.3,4.3,7.0,5.6,5.5,115.9,121.7
2032-11-01,5.5,4.1,1.9,8.6,5.4,4.9,4.4,8.3,5.8,115.3,121.5
2032-11-02,13.0,9.3,13.6,11.0,10.0,10.7,9.7,8.6,11.2,120.5,121.4
2032-11-03,13.3,11.3,12.9,12.3,12.8,7.6,10.0,12.8,11.7,122.0,121.3
2032-11-04,3.3,6.6,3.1,5.9,9.1,7.4,2.2,7.6,5.9,121.6,121.2
2032-11-05,7.9,9.8,5.2,1.5,5.1,7.4,3.9,6.3,4.2,123.4,121.1
2032-11-06,5.7,8.2,2.4,5.5,7.4,6.7,4.8,6.4,7.4,117.1,120.9
2032-11-07,52.6,51.8,52.1,53.4,51.3,54.7,50.0,55.8,51.9,118.0,120.8
2032-11-08,33.4,30.5,30.6,31.6,32.4,33.4,28.5,32.0,31.2,124.8,120.8
2032-11-09,1.6,5.5,8.8,3.0,2.6,6.3,8.6,6.5,5.8,125.0,120.8
2032-11-10,0.9,1.3,4.9,2.3,5.0,5.1,3.7,8.3,4.7,125.0,120.8
2032-11-11,11.8,13.0,12.4,10.3,10.2,10.0,11.9,9.3,10.6,126.4,120.8
2032-11-12,10.4,5.4,7.4,6.5,6.0,11.3,6.1,6.3,6.9,128.6,120.7
2032-11-13,2.1,3.5,3.2,1.2,2.6,4.6,5.5,3.5,3.4,121.8,120.6
2032-11-14,10.5,9.6,9.3,8.5,7.2,8.9,12.1,9.5,10.3,116.9,120.5
2032-11-15,6.0,5.9,9.2,4.8,7.2,6.5,6.8,7.2,6.7,118.5,120.4
2032-11-16,7.0,8.5,6.9,10.4,7.0,3.5,8.2,7.7,6.9,117.0,120.3
2032-11-17,7.7,7.1,3.4,3.8,11.0,6.5,9.6,4.5,7.7,121.9,120.2
2032-11-18,5.5,8.9,7.4,8.6,7.5,7.2,6.2,5.2,7.6,121.1,120.1
2032-11-19,9.7,10.0,4.8,4.6,6.2,7.5,6.5,7.9,6.9,115.5,120.1
2032-11-20,70.0,69.8,74.9,69.0,73.3,72.9,71.1,66.2,70.0,112.8,120.0
2032-11-21,8.0,6.9,8.0,5.8,9.5,9.9,10.3,7.2,8.0,106.1,119.8
2032-11-22,3.4,6.2,9.0,5.6,6.4,5.0,4.5,6.8,5.5,107.9,119.7
2032-11-23,9.1,10.1,10.4,10.0,10.5,7.6,7.5,9.3,9.3,109.5,119.5
2032-11-24,6.6,5.6,7.1,8.4,9.0,9.4,4.0,4.3,6.6,110.2,119.3
2032-11-25,6.1,6.9,6.2,5.6,6.1,7.7,4.1,11.4,6.7,115.3,119.0
2032-11-26,11.2,13.3,10.0,12.3,11.4,12.9,10.8,14.3,11.2,119.9,118.8
2032-11-27,2.7,7.6,5.9,3.7,9.6,9.4,1.5,6.0,5.7,119.8,118.6
2032-11-28,11.1,10.5,12.7,12.3,10.2,14.2,11.5,9.0,9.7,113.8,118.4
2032-11-29,9.3,12.9,8.9,9.6,10.0,11.2,10.1,7.8,10.4,116.9,118.2
2032-11-30,5.4,2.3,7.1,3.7,5.6,4.4,5.7,4.2,3.1,119.4,118.1
2032-12-01,4.9,6.6,9.4,3.9,6.0,4.4,5.4,4.5,4.4,120.7,117.9
2032-12-02,2.5,6.4,8.8,5.3,8.7,7.2,6.4,8.6,6.8,123.9,117.8
2032-12-03,8.2,7.7,8.9,7.3,3.6,6.1,3.3,8.2,6.9,120.1,117.7
2032-12-04,7.5,7.6,6.7,7.6,2.6,5.5,2.9,5.0,5.7,126.4,117.6
2032-12-05,12.1,11.1,10.2,8.5,6.9,9.3,11.1,9.7,8.9,122.8,117.5
2032-12-06,6.8,10.2,6.2,11.6,8.6,7.5,11.6,11.1,10.0,124.9,117.4
2032-12-07,10.0,14.0,10.9,8.3,10.6,9.0,12.1,10.1,9.6,119.4,117.4
2032-12-08,4.9,1.2,4.3,4.0,2.1,3.7,5.0,4.1,4.1,117.0,117.3
2032-12-09,8.7,11.0,10.6,11.9,11.7,10.7,10.6,11.7,11.5,122.2,117.2
2032-12-10,10.6,9.2,11.5,10.9,11.7,11.4,11.8,6.4,8.7,121.3,117.2
2032-12-11,53.6,54.7,55.1,50.8,53.6,52.4,56.0,49.5,52.3,123.9,117.2
2032-12-12,9.4,7.4,11.3,15.5,10.9,11.2,12.1,10.7,11.0,124.2,117.2
2032-12-13,10.7,10.8,8.3,9.8,11.5,11.8,12.6,10.6,10.0,123.5,117.2
2032-12-14,4.7,5.5,2.8,2.8,3.8,1.5,4.9,6.1,4.0,127.3,117.1
2032-12-15,3.7,6.0,3.9,3.1,9.3,3.1,2.6,5.6,5.1,125.7,117.0
2032-12-16,9.3,10.1,12.7,7.2,7.6,11.9,10.6,10.3,8.7,119.7,116.8
2032-12-17,4.0,7.5,6.8,5.6,4.0,5.4,8.5,3.0,5.2,117.5,116.7
2032-12-18,6.7,7.0,7.4,8.2,10.2,9.2,8.4,8.8,8.3,119.7,116.6
2032-12-19,9.2,4.6,10.1,6.3,7.1,8.7,7.8,9.0,8.0,121.1,116.4
2032-12-20,9.4,8.5,12.2,10.5,9.7,10.5,7.7,13.5,9.1,116.4,116.1
2032-12-21,4.1,6.5,5.7,5.6,5.4,4.7,8.6,3.9,6.3,114.9,115.9
2032-12-22,10.3,9.7,7.6,9.4,8.1,6.2,6.2,9.7,8.4,114.0,115.6
2032-12-23,7.3,6.5,5.3,5.7,5.4,2.6,6.2,7.1,6.1,114.0,115.3
2032-12-24,10.7,14.1,8.6,9.3,10.9,11.1,6.8,11.8,10.6,110.9,115.2
2032-12-25,9.8,5.0,9.0,7.6,8.3,6.6,10.1,12.8,9.3,110.4,115.1
2032-12-26,12.5,7.7,12.6,11.6,9.8,12.7,13.8,10.7,12.0,109.8,115.0
2032-12-27,2.2,1.5,4.2,5.2,4.5,4.2,6.7,6.5,5.5,113.7,115.0
2032-12-28,5.8,7.1,4.1,3.2,4.4,4.2,1.3,4.3,5.4,117.2,115.0
2032-12-29,9.5,8.9,8.4,7.6,10.2,5.2,5.4,9.6,7.3,117.2,114.9
2032-12-30,7.6,6.2,8.7,6.7,5.9,5.8,8.2,8.0,7.6,116.5,114.9
2032-12-31,13.2,9.6,9.5,13.0,12.1,10.4,7.0,8.5,10.1,117.5,115.0
2033-01-01,3.5,5.7,4.6,8.8,2.5,3.3,6.1,6.6,5.6,115.5,115.2
2033-01-02,5.7,7.4,10.4,13.6,14.7,10.1,10.6,9.2,10.9,112.8,115.4
2033-01-03,9.4,11.2,10.7,8.1,6.5,8.2,10.9,7.3,8.1,111.0,115.5
2033-01-04,0.5,3.4,3.5,0.5,4.6,5.1,7.8,1.4,4.1,110.5,115.6
2033-01-05,6.4,6.9,6.0,2.9,2.8,5.1,5.1,3.8,5.0,108.4,115.7
2033-01-06,9.8,6.4,3.4,6.7,8.2,7.9,7.9,10.2,7.2,110.7,115.7
2033-01-07,9.2,10.6,14.6,7.5,11.4,13.9,13.9,12.8,11.5,114.2,115.7
2033-01-08,11.7,8.3,13.1,7.9,8.1,11.1,9.3,10.7,10.3,110.3,115.8
2033-01-09,9.9,12.6,9.9,7.8,10.4,7.3,10.8,9.1,9.0,111.8,115.9
2033-01-10,7.5,3.1,2.2,3.7,10.2,4.4,8.1,5.4,6.7,112.3,115.8
2033-01-11,4.0,4.4,7.7,5.6,5.2,7.0,3.2,6.6,4.4,114.5,115.8
2033-01-12,12.7,12.7,10.6,10.0,9.2,9.3,9.1,11.7,10.9,115.2,115.7
2033-01-13,5.6,6.9,7.0,4.0,3.9,5.6,4.5,4.3,6.1,111.5,115.7
2033-01-14,10.8,4.3,11.4,7.9,9.3,9.1,8.6,10.7,7.4,108.9,115.6
2033-01-15,3.4,5.3,3.9,2.2,4.3,9.3,5.2,9.5,5.6,110.6,115.6
2033-01-16,12.8,14.7,12.5,13.4,9.3,9.1,9.3,8.7,8.7,115.0,115.6
2033-01-17,5.6,6.8,4.3,2.5,6.0,3.9,4.1,5.0,5.3,109.0,115.6
2033-01-18,3.6,6.6,4.1,6.7,4.8,4.2,4.7,1.8,4.4,111.6,115.6
2033-01-19,10.2,11.2,11.5,6.8,6.5,8.4,12.3,10.0,9.5,116.3,115.6
2033-01-20,3.1,1.8,3.3,3.2,6.6,6.7,2.6,6.2,4.7,116.2,115.5
2033-01-21,4.8,1.1,3.3,4.2,3.8,0.1,3.7,4.8,3.5,118.3,115.5
2033-01-22,15.0,10.5,10.8,11.4,12.4,12.0,13.1,9.6,11.9,116.3,115.5
2033-01-23,11.0,8.7,9.9,13.6,7.4,9.6,7.7,10.5,10.2,116.4,115.5
2033-01-24,12.1,10.4,9.8,12.7,10.7,11.7,11.5,4.3,10.0,111.9,115.5
2033-01-25,9.1,7.1,7.6,12.2,8.5,13.0,6.4,7.1,9.2,105.9,115.3
2033-01-26,11.2,9.0,10.3,9.5,9.4,9.1,10.0,11.0,9.7,110.6,115.4
2033-01-27,15.1,11.4,11.0,10.8,14.8,13.2,8.0,7.9,11.8,108.9,115.4
2033-01-28,3.5,5.6,5.1,6.2,4.8,7.9,6.7,5.3,5.1,109.0,115.5
2033-01-29,7.5,1.9,5.0,5.5,6.4,1.8,4.7,6.0,5.2,106.3,115.5
2033-01-30,10.4,11.8,11.0,9.3,10.8,9.0,9.7,11.0,9.4,103.9,115.5
2033-01-31,4.3,5.2,6.4,5.9,6.9,9.1,5.8,3.5,4.4,105.5,115.5
2033-02-01,6.2,6.1,6.4,8.2,1.8,8.2,8.9,6.3,5.2,105.3,115.5
2033-02-02,4.3,2.6,3.1,4.5,4.4,4.5,4.3,4.9,3.1,108.4,115.6
2033-02-03,7.4,3.8,7.5,9.6,5.8,8.9,4.0,5.8,5.9,111.2,115.7
2033-02-04,78.9,82.9,83.4,79.9,82.5,83.4,80.1,80.4,80.1,113.2,115.7
2033-02-05,49.5,46.4,48.3,52.4,47.1,49.8,49.1,47.8,48.1,114.7,115.8
2033-02-06,6.3,9.4,7.0,7.3,9.1,5.3,3.8,9.4,5.9,119.9,115.9
2033-02-07,8.5,10.0,6.7,9.0,6.0,8.4,6.9,6.5,8.2,116.4,115.9
2033-02-08,6.6,2.6,4.9,8.8,7.9,5.0,8.3,5.4,7.2,116.5,115.8
2033-02-09,11.8,10.1,9.7,10.1,15.4,8.8,10.8,11.9,10.3,120.1,115.8
2033-02-10,9.3,8.0,10.0,12.7,10.5,10.7,13.0,9.6,11.2,123.6,115.6
2033-02-11,5.6,2.8,6.4,6.3,7.4,3.5,5.4,3.2,5.8,118.4,115.6
2033-02-12,5.3,8.7,5.1,3.0,4.4,2.5,3.2,7.1,5.8,117.4,115.5
2033-02-13,5.8,9.3,8.7,7.6,9.2,6.8,10.4,7.3,8.7,121.5,115.5
2033-02-14,10.5,10.3,12.7,12.4,6.0,11.8,7.8,10.6,11.3,122.4,115.4
2033-02-15,2.8,2.4,4.1,4.5,1.5,1.4,3.0,0.0,3.1,122.3,115.5
2033-02-16,8.4,12.0,6.3,8.7,8.1,13.3,8.3,8.4,9.3,120.9,115.5
2033-02-17,6.3,8.4,8.9,6.6,10.3,8.9,10.1,7.7,8.4,119.2,115.5
2033-02-18,5.0,4.1,7.4,4.7,4.5,3.6,3.5,5.0,4.5,119.8,115.5
2033-02-19,7.8,4.8,6.4,6.5,6.9,2.8,4.3,3.4,6.2,118.7,115.5
2033-02-20,5.0,3.2,4.0,2.6,4.2,2.7,6.5,5.9,5.0,118.3,115.6
2033-02-21,10.2,9.3,5.8,9.0,8.4,10.4,11.1,10.6,9.9,118.4,115.6
2033-02-22,5.9,2.3,2.2,5.5,3.7,2.9,7.1,4.6,3.4,116.2,115.6
2033-02-23,9.6,8.6,12.6,10.4,10.0,11.3,11.7,11.1,10.0,117.9,115.5
2033-02-24,11.1,10.2,10.4,7.9,12.9,6.8,9.9,6.6,9.3,126.5,115.6
2033-02-25,4.9,4.0,5.4,5.8,3.2,5.1,7.9,2.5,5.1,119.7,115.5
2033-02-26,3.1,6.6,5.0,5.1,6.9,3.3,3.8,3.6,4.8,120.3,115.4
2033-02-27,4.1,7.5,1.4,2.4,2.0,7.6,3.5,4.1,4.8,117.5,115.5
2033-02-28,4.3,7.0,9.3,8.1,7.3,4.4,6.9,7.9,7.6,119.1,115.6
2033-03-01,6.4,9.7,10.2,7.4,9.9,8.2,10.7,12.5,8.4,118.9,115.5
2033-03-02,9.1,12.8,13.9,9.3,10.1,10.1,11.0,10.6,11.3,120.8,115.5
2033-03-03,10.5,12.6,7.1,9.0,12.3,12.0,8.8,12.0,10.9,123.7,115.5
2033-03-04,11.4,8.6,6.7,10.5,12.2,6.9,8.8,10.9,8.7,123.2,115.6
2033-03-05,7.1,3.4,7.8,5.0,4.4,3.5,9.3,5.2,6.9,125.6,115.6
2033-03-06,9.0,9.5,8.7,8.9,9.1,8.6,6.8,6.6,8.3,117.2,115.7
2033-03-07,30.4,30.3,31.5,32.8,31.3,29.0,26.2,29.1,30.6,121.8,115.9
2033-03-08,15.7,16.9,18.8,18.5,22.1,19.3,22.2,19.8,18.4,122.1,116.0
2033-03-09,5.6,2.7,1.3,2.5,3.4,2.2,1.4,4.3,3.4,124.4,116.1
2033-03-10,6.5,5.5,6.3,8.1,6.6,8.1,9.7,9.7,8.5,119.5,116.1
2033-03-11,9.7,8.5,9.9,12.4,12.8,11.8,13.5,14.5,11.1,116.5,116.2
2033-03-12,10.0,13.9,10.4,13.0,12.4,7.0,9.0,8.5,11.0,116.9,116.3
2033-03-13,1.6,6.9,9.3,4.7,6.9,8.1,5.6,5.1,5.2,116.7,116.4
2033-03-14,5.4,6.9,7.6,6.8,6.7,5.7,2.7,7.6,5.8,117.4,116.4
2033-03-15,2.6,6.5,6.7,2.9,4.0,9.5,5.1,2.8,5.2,120.4,116.4
2033-03-16,6.7,3.5,1.2,6.1,3.2,5.7,3.4,6.5,5.1,114.4,116.4
2033-03-17,4.8,0.0,5.2,3.9,7.3,5.2,5.9,3.0,4.4,117.5,116.4
2033-03-18,3.4,5.0,4.3,7.7,4.7,2.6,3.4,7.0,5.0,117.3,116.4
2033-03-19,7.7,7.6,10.1,6.2,3.6,6.3,8.5,7.5,8.0,116.4,116.2
2033-03-20,7.2,12.4,10.7,11.1,11.2,7.8,11.0,12.2,10.4,111.9,116.1
2033-03-21,10.2,9.4,9.0,4.5,7.9,6.0,10.5,10.2,7.9,113.9,116.0
2033-03-22,6.5,8.3,8.9,10.2,5.1,4.0,8.5,3.4,8.4,106.9,115.8
2033-03-23,4.8,5.7,7.0,3.3,4.8,5.8,2.2,6.3,4.5,110.1,115.6
2033-03-24,6.3,4.5,6.0,5.4,7.3,5.0,6.2,4.5,5.7,106.4,115.4
2033-03-25,9.4,11.6,9.5,12.9,12.5,9.8,11.7,9.8,11.3,107.9,115.4
2033-03-26,5.4,7.4,8.5,9.7,8.9,10.4,6.6,7.9,8.6,108.6,115.2
2033-03-27,8.8,1.6,4.6,3.3,5.1,4.6,6.7,6.0,5.5,113.1,115.0
2033-03-28,3.0,4.5,5.6,7.1,10.5,7.1,3.6,5.5,5.6,112.8,114.9
2033-03-29,7.4,6.0,8.0,2.5,8.2,6.1,6.9,10.0,7.1,111.1,114.8
2033-03-30,9.3,12.4,13.4,12.2,8.6,14.6,11.4,10.8,11.9,110.1,114.7
2033-03-31,6.8,6.6,5.0,7.7,6.2,8.7,8.4,10.6,7.4,114.6,114.5
2033-04-01,5.7,4.5,3.2,10.5,7.5,4.8,9.5,8.9,6.1,116.3,114.4
2033-04-02,1.9,3.1,4.3,2.4,4.4,6.0,1.8,5.2,4.6,114.9,114.2
2033-04-03,9.1,7.6,6.6,5.4,8.4,4.4,7.2,6.8,6.8,114.1,114.0
2033-04-04,13.6,10.2,10.4,8.9,12.3,10.6,9.7,9.9,11.4,109.5,113.8
2033-04-05,11.1,7.8,8.0,11.8,9.7,12.0,9.3,10.1,10.1,111.4,113.6
2033-04-06,11.7,14.2,14.0,13.7,10.2,9.5,13.0,14.2,11.4,106.6,113.4
2033-04-07,9.0,6.7,8.2,8.2,7.0,7.1,6.9,5.1,6.7,110.0,113.3
2033-04-08,4.7,4.7,2.9,6.4,6.0,7.6,8.6,8.7,6.1,111.0,113.1
2033-04-09,14.8,10.4,9.1,13.8,14.7,15.1,12.9,8.0,12.0,118.7,113.0
2033-04-10,9.9,10.3,11.7,12.1,11.0,8.0,7.1,10.3,9.2,114.7,112.8
2033-04-11,8.9,13.4,7.0,11.6,11.1,10.0,8.6,6.3,10.5,114.3,112.6
2033-04-12,7.0,7.0,10.3,6.5,9.0,5.5,9.0,3.6,8.1,119.7,112.4
2033-04-13,7.4,2.9,0.0,1.8,1.5,1.9,2.5,1.9,3.2,122.4,112.1
2033-04-14,8.8,8.1,12.1,12.8,9.9,10.4,8.2,10.6,10.4,119.0,112.0
2033-04-15,4.9,4.0,5.3,5.1,2.4,6.9,4.1,7.8,4.5,118.9,111.7
2033-04-16,8.4,11.5,9.9,8.0,6.1,6.2,8.7,7.9,7.6,118.2,111.7
2033-04-17,3.4,6.2,4.6,6.2,2.6,6.5,5.5,6.9,4.5,118.4,111.5
2033-04-18,11.7,9.6,9.4,13.3,9.2,11.3,9.0,6.1,9.8,115.6,111.4
2033-04-19,1.6,4.9,5.5,4.9,6.3,4.8,2.5,5.2,4.1,115.0,111.2
2033-04-20,8.8,7.3,9.4,8.6,7.2,8.1,11.2,11.2,8.4,110.0,111.1
2033-04-21,3.9,3.6,0.6,6.9,5.6,5.0,0.0,3.6,3.5,110.9,110.9
2033-04-22,8.3,10.0,7.7,8.1,9.8,7.1,7.5,9.0,8.6,112.7,110.8
2033-04-23,9.6,8.5,9.0,7.0,9.9,3.4,10.9,11.2,6.9,112.1,110.7
2033-04-24,8.9,9.6,7.9,7.6,6.8,7.9,9.1,8.8,8.0,107.4,110.5
2033-04-25,10.9,7.2,4.0,10.2,4.5,5.8,7.5,7.8,7.0,111.3,110.3
2033-04-26,8.4,9.8,8.3,12.5,13.6,8.8,13.2,13.1,11.3,112.7,110.2
2033-04-27,4.4,1.7,3.6,4.5,8.8,5.5,3.7,6.0,5.7,110.6,110.1
2033-04-28,2.4,6.0,3.0,3.3,5.7,8.5,9.4,2.9,5.0,110.1,109.9
2033-04-29,9.7,11.9,13.2,6.5,11.0,9.9,7.0,8.2,10.9,106.0,109.8
2033-04-30,2.4,3.6,5.5,4.2,5.4,3.6,2.1,3.1,3.5,104.0,109.7
2033-05-01,6.4,7.1,4.8,3.2,5.7,6.0,7.5,3.7,5.0,103.7,109.5
2033-05-02,7.3,10.1,7.8,7.7,11.1,5.9,12.7,7.4,8.6,108.8,109.6
2033-05-03,7.6,5.7,6.4,5.3,7.6,5.2,4.7,9.5,5.9,107.4,109.6
2033-05-04,6.0,4.6,3.0,9.7,4.9,10.1,6.8,6.3,6.0,110.2,109.7
2033-05-05,11.4,15.5,6.7,11.5,10.5,10.6,11.4,10.5,11.1,108.9,109.7
2033-05-06,11.4,11.0,8.4,11.8,12.5,10.0,14.8,13.7,11.0,110.2,109.7
2033-05-07,10.6,10.6,9.0,11.2,12.1,10.5,7.8,8.8,8.9,110.1,109.7
2033-05-08,8.4,8.9,7.1,6.1,10.4,5.1,5.4,4.6,7.3,113.1,109.6
2033-05-09,1.7,6.1,6.1,3.4,4.6,3.5,1.2,8.0,3.6,111.4,109.6
2033-05-10,79.9,77.9,75.5,76.7,75.8,77.4,77.8,76.5,77.2,106.8,109.6
2033-05-11,43.4,50.6,46.8,47.2,45.5,43.2,46.1,45.7,46.3,103.5,109.5
2033-05-12,7.1,7.5,7.2,7.7,9.3,6.5,7.9,6.7,5.7,103.2,109.4
2033-05-13,7.7,11.1,9.7,11.9,9.9,12.7,13.4,13.9,11.5,100.8,109.2
2033-05-14,10.0,3.4,4.3,12.6,8.8,7.2,6.8,6.6,6.7,103.7,109.1
2033-05-15,5.7,8.1,9.4,8.2,8.4,14.7,9.1,10.2,9.6,103.6,109.1
2033-05-16,10.2,10.9,8.8,12.2,10.6,7.1,9.5,9.4,9.7,111.9,109.0
2033-05-17,5.5,7.0,7.3,7.0,6.7,6.2,1.7,7.5,6.0,106.7,108.9
2033-05-18,9.6,6.7,9.2,9.9,11.0,9.7,9.3,10.5,8.6,108.1,108.8
2033-05-19,2.8,4.2,2.2,5.6,0.2,5.1,3.5,5.4,3.4,105.3,108.7
2033-05-20,1.9,3.6,3.6,4.3,1.3,4.7,0.0,2.1,3.4,104.8,108.6
2033-05-21,0.0,4.7,3.8,4.0,6.0,2.4,4.3,3.2,3.0,106.2,108.5
2033-05-22,7.6,10.4,11.9,6.9,9.4,8.4,8.4,8.2,7.8,100.0,108.4
2033-05-23,5.8,0.0,9.5,5.1,6.0,6.0,4.9,6.9,6.5,102.5,108.3
2033-05-24,83.8,82.5,84.2,83.8,85.8,81.2,82.3,85.4,83.9,109.5,108.1
2033-05-25,9.5,9.0,9.6,10.6,10.6,10.4,8.7,12.3,10.8,108.4,107.9
2033-05-26,104.2,97.8,98.5,103.6,104.7,97.3,103.2,104.9,101.6,109.7,107.8
2033-05-27,59.2,64.1,60.6,61.6,59.5,63.0,62.6,64.4,61.0,113.0,107.6
2033-05-28,39.5,36.6,42.8,39.3,37.7,34.6,33.5,33.7,36.6,112.2,107.5
2033-05-29,6.6,11.2,9.4,7.2,8.2,8.0,10.1,6.7,8.5,110.3,107.4
2033-05-30,4.8,4.7,2.4,7.3,3.5,2.1,5.8,4.2,4.1,103.6,107.3
2033-05-31,11.7,8.6,12.5,15.3,8.4,11.6,9.4,16.3,10.9,106.6,107.2
2033-06-01,9.5,7.6,4.5,5.0,8.5,4.3,4.3,7.0,7.0,106.9,107.1
2033-06-02,10.0,10.5,8.9,11.6,8.1,11.0,10.2,11.0,9.8,104.5,107.0
2033-06-03,7.7,4.4,4.0,1.9,1.3,5.0,5.1,3.1,5.3,105.8,107.0
2033-06-04,2.8,7.6,6.3,2.0,3.6,5.3,3.3,2.9,4.5,104.8,107.0
2033-06-05,3.9,6.7,6.9,3.1,5.5,4.5,2.5,3.9,4.5,104.1,107.1
2033-06-06,31.6,36.5,37.3,33.3,32.9,36.3,36.6,31.9,34.2,106.9,107.2
2033-06-07,20.2,20.4,19.0,21.3,19.1,19.4,20.3,17.5,20.5,103.4,107.2
2033-06-08,0.0,5.5,2.2,7.9,7.6,2.6,8.3,5.5,3.7,107.7,107.2
2033-06-09,5.8,1.9,8.4,7.1,7.9,6.6,4.8,6.2,7.1,103.9,107.2
2033-06-10,13.1,11.0,10.9,8.6,11.8,9.4,13.5,10.2,11.7,102.9,107.2
2033-06-11,6.1,11.0,6.0,5.8,7.8,3.1,9.1,8.6,6.6,109.8,107.2
2033-06-12,7.4,0.0,5.9,3.8,8.6,8.5,7.2,4.0,6.4,113.2,107.1
2033-06-13,8.6,5.1,9.2,6.2,6.6,4.7,8.4,6.9,5.6,113.1,107.0
2033-06-14,6.8,4.3,3.8,5.1,6.8,6.0,4.2,0.2,3.9,109.8,106.9
2033-06-15,5.5,1.0,4.0,3.7,1.1,4.6,8.2,3.3,3.9,108.3,106.8
2033-06-16,8.9,12.0,9.0,6.0,7.8,8.3,10.2,9.8,7.3,108.7,106.7
2033-06-17,0.0,2.5,4.1,2.2,0.0,2.8,4.2,3.2,4.2,109.0,106.7
2033-06-18,46.9,49.0,49.6,47.9,51.6,49.0,47.1,46.6,48.9,108.9,106.6
2033-06-19,28.9,31.5,27.7,30.5,29.5,33.3,30.1,27.9,29.3,108.9,106.6
2033-06-20,12.7,12.8,10.4,8.9,12.3,11.4,8.2,11.7,11.2,108.4,106.5
2033-06-21,5.4,3.6,5.9,9.2,9.1,8.5,7.2,7.8,6.6,104.3,106.6
2033-06-22,8.8,6.4,6.8,7.4,11.4,10.8,6.5,8.7,8.6,103.5,106.7
2033-06-23,3.2,3.7,2.9,6.8,3.9,4.4,4.4,1.9,4.0,107.2,106.9
2033-06-24,8.3,10.2,11.0,5.8,5.0,8.2,10.3,8.8,8.1,103.4,106.9
2033-06-25,7.0,2.9,4.5,1.2,5.4,1.3,8.3,8.7,5.6,103.8,107.0
2033-06-26,5.6,2.3,6.1,9.1,6.3,7.7,4.4,3.6,5.4,102.2,106.9
2033-06-27,8.7,5.0,13.4,9.2,10.6,8.0,5.8,11.7,8.9,103.6,106.9
2033-06-28,2.6,5.5,5.7,5.0,3.2,4.5,2.9,6.4,4.8,103.3,107.0
2033-06-29,11.5,10.4,9.3,14.6,7.8,7.3,10.2,9.9,10.4,108.6,107.0
2033-06-30,5.8,4.9,3.6,4.6,4.5,7.8,4.1,2.2,3.6,110.2,107.0
2033-07-01,10.6,5.0,10.2,12.4,11.4,10.8,11.5,12.4,10.2,106.1,107.0
2033-07-02,13.7,11.8,10.3,6.3,12.8,11.9,11.2,9.5,10.9,108.5,107.0
2033-07-03,8.7,6.3,6.7,6.7,7.7,4.5,7.9,5.4,6.8,106.3,107.1
2033-07-04,3.4,6.5,2.8,6.5,4.9,1.4,7.5,5.4,4.7,104.9,107.1
2033-07-05,9.1,10.3,11.3,8.7,9.5,9.0,7.6,5.1,8.3,106.5,107.0
2033-07-06,11.4,13.7,12.1,8.8,13.2,10.4,6.8,13.0,11.0,105.3,107.0
2033-07-07,1.6,7.0,5.7,3.0,4.4,8.3,5.4,3.9,3.4,108.5,107.0
2033-07-08,16.6,11.1,12.0,9.0,7.5,10.3,10.9,11.5,10.8,106.2,106.9
2033-07-09,4.6,8.7,5.8,8.6,9.3,6.6,5.5,10.5,7.4,104.7,106.8
2033-07-10,12.6,11.2,13.8,11.0,9.6,8.9,10.7,12.4,10.9,103.3,106.8
2033-07-11,13.5,10.8,13.2,10.3,9.2,8.1,9.7,8.2,10.7,102.4,106.8
2033-07-12,13.8,10.7,9.6,13.3,7.2,9.5,13.8,9.5,9.8,106.6,106.7
2033-07-13,14.4,11.0,12.1,12.1,9.5,8.5,9.2,7.5,9.5,108.7,106.6
2033-07-14,9.5,9.6,13.0,10.8,14.3,5.3,7.1,8.9,9.6,113.8,106.5
2033-07-15,8.7,5.5,2.8,5.2,3.3,2.9,9.7,5.0,5.7,119.8,106.5
2033-07-16,6.8,6.2,5.9,4.7,5.8,7.1,9.2,8.3,6.4,114.9,106.4
2033-07-17,1.6,6.0,5.0,2.8,4.4,5.2,4.1,5.0,4.0,114.1,106.3
2033-07-18,6.3,12.0,4.1,9.1,8.7,9.3,6.6,10.3,8.0,109.7,106.3
2033-07-19,8.3,6.1,6.3,8.7,5.3,12.1,10.6,12.1,8.5,107.1,106.2
2033-07-20,10.5,6.3,5.3,1.7,6.2,10.6,5.4,6.6,7.0,105.3,106.1
2033-07-21,7.9,9.8,11.6,5.9,6.3,12.0,10.5,8.5,9.0,102.5,106.1
2033-07-22,11.7,5.5,10.1,8.1,9.5,3.5,7.7,9.7,8.3,100.1,106.0
2033-07-23,5.0,7.7,7.6,3.3,6.8,3.2,5.3,6.5,5.2,100.8,105.8
2033-07-24,2.2,5.4,2.8,2.7,5.2,2.2,2.1,5.9,3.8,98.2,105.6
2033-07-25,8.7,5.6,10.2,7.7,5.7,3.5,10.3,6.8,8.5,102.1,105.5
2033-07-26,3.5,7.3,7.6,4.4,7.8,10.1,8.7,8.4,6.0,100.2,105.4
2033-07-27,81.2,79.7,80.5,81.5,78.1,79.0,77.7,81.0,80.6,109.7,105.4
2033-07-28,5.8,4.3,7.3,3.6,4.3,7.2,7.5,4.1,5.7,108.0,105.3
2033-07-29,6.0,4.0,5.1,5.8,6.7,6.2,6.1,3.4,5.5,108.1,105.1
2033-07-30,6.0,6.4,6.6,3.8,7.1,2.6,4.4,4.7,5.3,104.1,104.9
2033-07-31,6.2,8.2,9.2,5.1,8.0,5.2,12.8,9.2,8.7,109.7,104.8
2033-08-01,6.8,7.0,7.8,8.5,3.4,9.2,9.1,6.4,6.6,112.7,104.7
2033-08-02,11.0,5.1,8.8,12.3,13.7,12.7,11.1,15.1,11.3,112.7,104.6
2033-08-03,8.0,5.2,10.3,3.8,3.0,5.1,4.4,5.2,6.0,107.8,104.6
2033-08-04,10.3,8.6,8.7,8.8,4.1,5.7,7.9,7.0,8.7,108.3,104.6
2033-08-05,2.9,6.2,3.2,0.7,1.8,6.8,6.4,4.6,3.4,104.7,104.6
2033-08-06,1.2,4.9,5.1,4.4,3.2,3.6,3.0,2.0,4.3,109.4,104.6
2033-08-07,14.0,13.1,10.7,12.0,12.1,16.0,13.0,13.0,11.3,111.5,104.6
2033-08-08,6.2,5.2,8.9,7.4,4.4,7.0,7.8,1.9,6.1,111.0,104.6
2033-08-09,7.8,10.4,5.8,6.2,9.1,10.7,10.8,12.8,9.7,103.1,104.5
2033-08-10,4.6,3.7,1.8,3.7,5.9,6.0,5.0,5.5,4.4,100.7,104.5
2033-08-11,12.5,10.1,12.7,8.5,9.8,9.0,11.6,8.0,10.0,103.6,104.5
2033-08-12,8.3,5.3,10.2,11.5,10.8,10.6,10.7,10.4,9.0,107.7,104.4
2033-08-13,6.7,6.9,4.2,5.1,5.6,4.8,2.4,3.0,5.5,110.8,104.5
2033-08-14,3.8,5.2,3.4,8.9,1.5,4.3,6.0,5.5,3.4,105.4,104.6
2033-08-15,9.6,10.4,8.4,11.6,10.8,6.5,8.9,5.1,8.2,106.4,104.6
2033-08-16,6.7,4.1,6.3,3.4,0.0,8.9,3.9,1.6,3.6,109.4,104.6
2033-08-17,12.0,13.8,9.3,9.5,10.2,7.5,8.4,13.3,9.7,103.9,104.6
2033-08-18,4.6,3.2,3.9,7.0,0.9,5.3,9.8,8.9,4.8,104.2,104.6
2033-08-19,10.9,12.4,12.4,9.5,11.6,13.4,7.3,10.9,9.8,105.3,104.6
2033-08-20,9.6,9.1,8.9,9.3,9.5,11.1,9.8,8.5,8.9,104.5,104.7
2033-08-21,9.7,10.4,11.9,9.9,13.2,12.2,13.6,10.1,11.4,99.2,104.7
2033-08-22,5.1,9.0,7.0,6.3,8.1,8.1,4.2,9.5,6.8,99.2,104.7
2033-08-23,9.6,13.8,7.7,11.0,10.0,6.4,11.7,6.5,10.4,99.2,104.7
2033-08-24,3.1,5.9,2.6,1.9,5.3,3.2,2.9,6.2,3.7,99.7,104.6
2033-08-25,8.8,10.2,12.8,8.6,14.7,10.7,12.9,12.8,11.1,98.9,104.5
2033-08-26,11.3,10.6,11.5,13.0,9.6,9.2,14.5,10.1,11.6,98.6,104.4
2033-08-27,10.8,9.7,9.7,12.9,9.9,9.3,9.5,9.0,10.1,99.5,104.2
2033-08-28,4.5,4.8,9.2,7.3,5.2,7.8,2.7,8.6,5.8,101.7,104.1
2033-08-29,14.6,16.4,14.0,12.8,14.6,10.7,11.2,11.8,12.0,101.4,104.1
2033-08-30,84.8,80.3,80.1,82.5,83.5,80.6,83.4,84.8,82.0,100.7,104.1
2033-08-31,51.6,49.9,49.0,52.7,49.2,51.1,53.1,50.9,49.2,101.7,104.0
2033-09-01,3.3,2.8,4.7,6.7,6.2,9.7,6.2,4.6,5.3,96.5,103.9
2033-09-02,2.7,7.3,4.9,1.9,5.0,3.0,4.1,5.0,4.9,99.2,104.0
2033-09-03,3.2,4.0,3.5,3.5,3.0,4.0,3.2,6.1,5.0,100.1,104.0
2033-09-04,10.5,12.4,13.8,11.4,10.9,11.5,11.0,10.2,10.1,100.9,104.1
2033-09-05,5.1,3.1,6.8,5.1,8.0,7.0,3.9,7.6,5.1,104.4,104.1
2033-09-06,0.0,7.6,1.1,4.8,4.6,6.0,3.1,0.0,3.8,98.6,104.0
2033-09-07,6.4,6.7,3.0,7.2,4.9,8.4,6.6,11.0,7.1,93.6,104.0
2033-09-08,7.5,8.9,7.6,4.8,7.6,9.6,9.3,7.5,8.1,96.1,103.9
2033-09-09,8.9,13.1,12.6,13.5,11.3,8.4,12.9,11.8,11.8,97.4,103.9
2033-09-10,9.7,7.0,6.8,7.7,5.7,5.6,6.7,5.1,6.9,99.0,103.8
2033-09-11,5.4,9.7,7.9,6.4,8.9,4.2,10.8,4.9,5.8,98.5,103.7
2033-09-12,13.2,13.2,5.7,12.1,8.6,8.1,10.2,7.2,9.2,101.4,103.6
2033-09-13,10.1,7.3,9.5,11.8,9.9,8.4,10.2,6.3,9.1,104.6,103.5
2033-09-14,4.8,5.6,8.0,7.3,7.5,6.4,4.9,9.4,6.5,106.0,103.5
2033-09-15,6.6,8.8,7.8,9.1,6.8,10.1,10.7,10.0,8.0,105.0,103.4
2033-09-16,6.5,5.3,11.8,4.2,8.0,6.9,6.1,6.6,6.2,98.6,103.3
2033-09-17,4.0,5.9,5.7,10.4,7.2,6.1,6.2,8.7,5.0,101.7,103.2
2033-09-18,3.5,5.0,1.6,6.5,7.1,3.4,8.3,4.0,5.4,105.8,103.1
2033-09-19,5.3,6.2,9.2,4.3,6.6,7.5,7.1,7.2,6.0,107.4,103.1
2033-09-20,11.1,8.4,12.9,9.3,9.1,12.2,8.3,10.2,9.5,104.3,103.1
2033-09-21,1.8,8.3,7.9,3.1,4.3,3.3,2.6,3.5,3.3,106.3,103.1
2033-09-22,4.2,1.3,4.9,4.2,5.0,4.2,3.6,6.1,4.3,108.5,103.1
2033-09-23,7.5,9.3,7.5,6.1,7.7,2.5,10.7,7.0,6.5,112.5,102.9
2033-09-24,14.4,8.3,7.8,10.8,10.8,10.7,10.4,8.8,10.1,108.5,102.9
2033-09-25,101.6,105.2,102.0,101.8,103.8,105.5,108.6,106.6,104.6,107.1,102.8
2033-09-26,65.6,64.1,63.5,67.8,60.1,61.9,62.1,64.5,62.8,108.9,102.7
2033-09-27,9.6,13.1,12.7,13.2,13.1,14.6,11.5,12.6,11.6,108.2,102.7
2033-09-28,9.9,9.4,14.9,9.7,12.6,12.4,13.7,8.0,11.4,104.2,102.7
2033-09-29,8.0,6.1,5.0,5.7,8.3,7.7,6.0,3.9,6.2,105.3,102.6
2033-09-30,6.8,10.4,6.4,8.7,14.3,9.8,10.4,6.8,8.9,106.8,102.6
2033-10-01,7.1,11.2,9.0,11.9,9.9,16.7,8.6,10.4,9.6,106.5,102.6
2033-10-02,8.9,12.7,11.6,8.7,10.0,13.4,13.2,7.8,10.5,106.7,102.7
2033-10-03,10.8,15.3,11.4,12.1,13.7,9.0,9.8,11.0,11.5,105.4,102.8
2033-10-04,6.8,6.4,5.8,4.1,6.6,4.1,5.5,6.2,4.2,109.5,102.8
2033-10-05,14.0,10.5,9.8,13.2,13.3,9.5,8.4,13.0,10.4,105.8,102.9
2033-10-06,8.6,8.5,11.3,11.8,9.5,12.1,12.2,10.7,11.6,103.7,103.0
2033-10-07,14.5,11.3,12.7,7.5,7.5,11.4,14.1,8.4,10.4,103.6,103.1
2033-10-08,8.1,5.4,6.4,8.2,6.9,5.2,5.2,4.1,7.8,106.1,103.1
2033-10-09,4.0,4.2,4.2,1.2,5.1,4.5,3.1,2.7,3.1,101.1,103.2
2033-10-10,8.4,10.1,13.0,12.0,9.2,10.8,7.5,11.2,9.7,97.5,103.2
2033-10-11,9.7,12.8,17.3,10.2,17.2,12.4,9.9,9.8,11.4,92.1,103.3
